id,strategy,symbol,side,entry_time,entry_price,exit_time,exit_price,quantity,pnl,pnl_percent,stop_loss,take_profit,reason,status,risk_reward
2,ULTIMATE_20,NQ,BUY,2024-08-01 09:56:00,16381.75,2024-08-01 10:16:00,16385.42,1,1468.22,0.45,16380.5,16384.88,ULTIMATE_20 BUY breakout - OR15min regime optimized,closed,2.5
1,ULTIMATE_20,NQ,BUY,2024-08-01 12:07:00,16659.5,2024-08-01 12:53:00,16658.27,1,-491.98,-0.15,16658.25,16662.62,ULTIMATE_20 BUY breakout - OR15min regime optimized,closed,2.5
3,ULTIMATE_20,NQ,SELL,2024-08-01 12:08:00,16319.5,2024-08-01 13:57:00,16316.22,1,1310.13,0.4,16320.75,16316.38,ULTIMATE_20 SELL breakout - OR15min regime optimized,closed,2.5
327,ULTIMATE_BALANCED,NQ,BUY,2024-08-02 12:31:00,16343.75,2024-08-02 12:50:00,16348.25,1,1800.51,0.55,16342.25,16348.25,ULTIMATE_BALANCED BUY breakout - OR45min regime optimized,closed,3.0
326,ULTIMATE_BALANCED,NQ,BUY,2024-08-02 12:43:00,15768.5,2024-08-02 13:17:00,15772.5,1,1601.44,0.51,15767.0,15773.0,ULTIMATE_BALANCED BUY breakout - OR45min regime optimized,closed,3.0
180,ULTIMATE_30,NQ,SELL,2024-08-05 11:22:00,16791.25,2024-08-05 12:45:00,16787.9,1,1338.4,0.4,16792.25,16787.25,ULTIMATE_30 SELL breakout - OR30min regime optimized,closed,4.0
328,ULTIMATE_BALANCED,NQ,SELL,2024-08-05 13:00:00,15898.0,2024-08-05 13:49:00,15899.19,1,-477.33,-0.15,15899.5,15893.5,ULTIMATE_BALANCED SELL breakout - OR45min regime optimized,closed,3.0
329,ULTIMATE_BALANCED,NQ,SELL,2024-08-05 13:45:00,16520.25,2024-08-05 14:31:00,16521.41,1,-462.07,-0.14,16521.75,16515.75,ULTIMATE_BALANCED SELL breakout - OR45min regime optimized,closed,3.0
181,ULTIMATE_30,NQ,SELL,2024-08-05 14:28:00,16660.5,2024-08-05 15:09:00,16661.44,1,-375.37,-0.11,16661.5,16656.5,ULTIMATE_30 SELL breakout - OR30min regime optimized,closed,4.0
5,ULTIMATE_20,NQ,SELL,2024-08-06 09:59:00,15898.5,2024-08-06 11:58:00,15899.39,1,-354.24,-0.11,15899.75,15895.38,ULTIMATE_20 SELL breakout - OR15min regime optimized,closed,2.5
330,ULTIMATE_BALANCED,NQ,BUY,2024-08-06 11:09:00,16011.75,2024-08-06 12:53:00,16015.89,1,1657.0,0.52,16010.25,16016.25,ULTIMATE_BALANCED BUY breakout - OR45min regime optimized,closed,3.0
182,ULTIMATE_30,NQ,BUY,2024-08-06 12:22:00,16638.75,2024-08-06 14:15:00,16637.67,1,-433.41,-0.13,16637.75,16642.75,ULTIMATE_30 BUY breakout - OR30min regime optimized,closed,4.0
4,ULTIMATE_20,NQ,BUY,2024-08-06 12:57:00,16065.75,2024-08-06 13:29:00,16069.08,1,1333.62,0.42,16064.5,16068.88,ULTIMATE_20 BUY breakout - OR15min regime optimized,closed,2.5
331,ULTIMATE_BALANCED,NQ,SELL,2024-08-06 14:30:00,16656.0,2024-08-06 16:28:00,16657.32,1,-526.07,-0.16,16657.5,16651.5,ULTIMATE_BALANCED SELL breakout - OR45min regime optimized,closed,3.0
332,ULTIMATE_BALANCED,NQ,SELL,2024-08-07 10:33:00,16542.75,2024-08-07 11:21:00,16538.45,1,1719.72,0.52,16544.25,16538.25,ULTIMATE_BALANCED SELL breakout - OR45min regime optimized,closed,3.0
184,ULTIMATE_30,NQ,BUY,2024-08-07 12:03:00,15916.25,2024-08-07 13:34:00,15915.48,1,-309.21,-0.1,15915.25,15920.25,ULTIMATE_30 BUY breakout - OR30min regime optimized,closed,4.0
183,ULTIMATE_30,NQ,BUY,2024-08-07 13:43:00,16514.75,2024-08-07 14:30:00,16518.44,1,1477.59,0.45,16513.75,16518.75,ULTIMATE_30 BUY breakout - OR30min regime optimized,closed,4.0
186,ULTIMATE_30,NQ,SELL,2024-08-08 09:49:00,16610.5,2024-08-08 11:40:00,16607.2,1,1318.19,0.4,16611.5,16606.5,ULTIMATE_30 SELL breakout - OR30min regime optimized,closed,4.0
7,ULTIMATE_20,NQ,SELL,2024-08-08 11:59:00,16064.25,2024-08-08 13:26:00,16061.78,1,986.09,0.31,16065.5,16061.12,ULTIMATE_20 SELL breakout - OR15min regime optimized,closed,2.5
6,ULTIMATE_20,NQ,SELL,2024-08-08 13:16:00,16240.75,2024-08-08 15:10:00,16237.19,1,1425.9,0.44,16242.0,16237.62,ULTIMATE_20 SELL breakout - OR15min regime optimized,closed,2.5
334,ULTIMATE_BALANCED,NQ,BUY,2024-08-08 13:32:00,15699.0,2024-08-08 13:38:00,15697.38,1,-647.55,-0.21,15697.5,15703.5,ULTIMATE_BALANCED BUY breakout - OR45min regime optimized,closed,3.0
333,ULTIMATE_BALANCED,NQ,SELL,2024-08-08 13:54:00,15523.25,2024-08-08 14:48:00,15518.68,1,1826.04,0.59,15524.75,15518.75,ULTIMATE_BALANCED SELL breakout - OR45min regime optimized,closed,3.0
185,ULTIMATE_30,NQ,SELL,2024-08-08 14:16:00,16506.0,2024-08-08 16:12:00,16502.41,1,1436.05,0.44,16507.0,16502.0,ULTIMATE_30 SELL breakout - OR30min regime optimized,closed,4.0
187,ULTIMATE_30,NQ,SELL,2024-08-09 10:54:00,15996.5,2024-08-09 12:22:00,15993.39,1,1242.87,0.39,15997.5,15992.5,ULTIMATE_30 SELL breakout - OR30min regime optimized,closed,4.0
335,ULTIMATE_BALANCED,NQ,BUY,2024-08-09 13:07:00,16459.25,2024-08-09 15:03:00,16457.8,1,-580.15,-0.18,16457.75,16463.75,ULTIMATE_BALANCED BUY breakout - OR45min regime optimized,closed,3.0
188,ULTIMATE_30,NQ,BUY,2024-08-09 14:08:00,16366.0,2024-08-09 16:08:00,16370.12,1,1647.92,0.5,16365.0,16370.0,ULTIMATE_30 BUY breakout - OR30min regime optimized,closed,4.0
8,ULTIMATE_20,NQ,BUY,2024-08-12 09:59:00,16077.0,2024-08-12 11:01:00,16075.83,1,-467.29,-0.15,16075.75,16080.12,ULTIMATE_20 BUY breakout - OR15min regime optimized,closed,2.5
337,ULTIMATE_BALANCED,NQ,SELL,2024-08-12 10:23:00,16364.0,2024-08-12 11:57:00,16359.69,1,1724.98,0.53,16365.5,16359.5,ULTIMATE_BALANCED SELL breakout - OR45min regime optimized,closed,3.0
189,ULTIMATE_30,NQ,SELL,2024-08-12 12:45:00,15986.5,2024-08-12 13:49:00,15982.04,1,1783.73,0.56,15987.5,15982.5,ULTIMATE_30 SELL breakout - OR30min regime optimized,closed,4.0
336,ULTIMATE_BALANCED,NQ,SELL,2024-08-12 13:35:00,15577.25,2024-08-12 14:10:00,15573.48,1,1509.88,0.48,15578.75,15572.75,ULTIMATE_BALANCED SELL breakout - OR45min regime optimized,closed,3.0
9,ULTIMATE_20,NQ,BUY,2024-08-13 09:57:00,16575.5,2024-08-13 10:09:00,16578.68,1,1271.86,0.38,16574.25,16578.62,ULTIMATE_20 BUY breakout - OR15min regime optimized,closed,2.5
190,ULTIMATE_30,NQ,SELL,2024-08-13 10:03:00,16364.25,2024-08-13 11:35:00,16360.84,1,1364.22,0.42,16365.25,16360.25,ULTIMATE_30 SELL breakout - OR30min regime optimized,closed,4.0
11,ULTIMATE_20,NQ,SELL,2024-08-13 10:38:00,16537.75,2024-08-13 11:46:00,16538.75,1,-400.45,-0.12,16539.0,16534.62,ULTIMATE_20 SELL breakout - OR15min regime optimized,closed,2.5
338,ULTIMATE_BALANCED,NQ,SELL,2024-08-13 12:26:00,15804.25,2024-08-13 13:14:00,15800.64,1,1444.66,0.46,15805.75,15799.75,ULTIMATE_BALANCED SELL breakout - OR45min regime optimized,closed,3.0
10,ULTIMATE_20,NQ,SELL,2024-08-13 13:35:00,15994.5,2024-08-13 14:30:00,15990.76,1,1495.16,0.47,15995.75,15991.38,ULTIMATE_20 SELL breakout - OR15min regime optimized,closed,2.5
339,ULTIMATE_BALANCED,NQ,BUY,2024-08-13 14:14:00,15878.25,2024-08-13 15:21:00,15882.42,1,1669.59,0.53,15876.75,15882.75,ULTIMATE_BALANCED BUY breakout - OR45min regime optimized,closed,3.0
340,ULTIMATE_BALANCED,NQ,BUY,2024-08-14 09:46:00,15963.25,2024-08-14 09:57:00,15961.88,1,-549.22,-0.17,15961.75,15967.75,ULTIMATE_BALANCED BUY breakout - OR45min regime optimized,closed,3.0
12,ULTIMATE_20,NQ,BUY,2024-08-14 13:25:00,16155.75,2024-08-14 14:36:00,16154.74,1,-402.02,-0.12,16154.5,16158.88,ULTIMATE_20 BUY breakout - OR15min regime optimized,closed,2.5
191,ULTIMATE_30,NQ,SELL,2024-08-14 13:54:00,16653.5,2024-08-14 15:33:00,16649.62,1,1550.71,0.47,16654.5,16649.5,ULTIMATE_30 SELL breakout - OR30min regime optimized,closed,4.0
13,ULTIMATE_20,NQ,SELL,2024-08-15 09:46:00,15844.0,2024-08-15 10:28:00,15845.38,1,-550.63,-0.17,15845.25,15840.88,ULTIMATE_20 SELL breakout - OR15min regime optimized,closed,2.5
14,ULTIMATE_20,NQ,BUY,2024-08-15 10:31:00,16534.75,2024-08-15 12:15:00,16537.17,1,966.05,0.29,16533.5,16537.88,ULTIMATE_20 BUY breakout - OR15min regime optimized,closed,2.5
342,ULTIMATE_BALANCED,NQ,BUY,2024-08-15 11:20:00,15507.5,2024-08-15 11:47:00,15505.87,1,-651.21,-0.21,15506.0,15512.0,ULTIMATE_BALANCED BUY breakout - OR45min regime optimized,closed,3.0
341,ULTIMATE_BALANCED,NQ,SELL,2024-08-15 12:20:00,16601.75,2024-08-15 13:53:00,16597.74,1,1604.98,0.48,16603.25,16597.25,ULTIMATE_BALANCED SELL breakout - OR45min regime optimized,closed,3.0
193,ULTIMATE_30,NQ,SELL,2024-08-15 12:26:00,15619.25,2024-08-15 12:34:00,15615.06,1,1675.06,0.54,15620.25,15615.25,ULTIMATE_30 SELL breakout - OR30min regime optimized,closed,4.0
192,ULTIMATE_30,NQ,BUY,2024-08-15 14:06:00,15851.5,2024-08-15 15:53:00,15850.32,1,-471.74,-0.15,15850.5,15855.5,ULTIMATE_30 BUY breakout - OR30min regime optimized,closed,4.0
15,ULTIMATE_20,NQ,BUY,2024-08-16 09:57:00,16321.0,2024-08-16 10:10:00,16324.02,1,1209.18,0.37,16319.75,16324.12,ULTIMATE_20 BUY breakout - OR15min regime optimized,closed,2.5
343,ULTIMATE_BALANCED,NQ,BUY,2024-08-16 12:45:00,15767.5,2024-08-16 13:38:00,15771.9,1,1758.15,0.56,15766.0,15772.0,ULTIMATE_BALANCED BUY breakout - OR45min regime optimized,closed,3.0
194,ULTIMATE_30,NQ,SELL,2024-08-16 12:51:00,15649.75,2024-08-16 14:13:00,15650.58,1,-332.87,-0.11,15650.75,15645.75,ULTIMATE_30 SELL breakout - OR30min regime optimized,closed,4.0
195,ULTIMATE_30,NQ,SELL,2024-08-16 12:54:00,15649.25,2024-08-16 13:47:00,15645.97,1,1310.66,0.42,15650.25,15645.25,ULTIMATE_30 SELL breakout - OR30min regime optimized,closed,4.0
196,ULTIMATE_30,NQ,SELL,2024-08-19 09:49:00,15819.75,2024-08-19 10:24:00,15815.95,1,1518.1,0.48,15820.75,15815.75,ULTIMATE_30 SELL breakout - OR30min regime optimized,closed,4.0
344,ULTIMATE_BALANCED,NQ,BUY,2024-08-19 11:08:00,16476.0,2024-08-19 11:48:00,16480.7,1,1880.61,0.57,16474.5,16480.5,ULTIMATE_BALANCED BUY breakout - OR45min regime optimized,closed,3.0
16,ULTIMATE_20,NQ,BUY,2024-08-19 11:12:00,16153.0,2024-08-19 11:46:00,16151.91,1,-434.92,-0.13,16151.75,16156.12,ULTIMATE_20 BUY breakout - OR15min regime optimized,closed,2.5
17,ULTIMATE_20,NQ,SELL,2024-08-19 11:23:00,16319.5,2024-08-19 11:42:00,16316.68,1,1128.93,0.35,16320.75,16316.38,ULTIMATE_20 SELL breakout - OR15min regime optimized,closed,2.5
197,ULTIMATE_30,NQ,SELL,2024-08-19 12:16:00,16158.5,2024-08-19 14:00:00,16159.24,1,-297.56,-0.09,16159.5,16154.5,ULTIMATE_30 SELL breakout - OR30min regime optimized,closed,4.0
18,ULTIMATE_20,NQ,BUY,2024-08-19 12:25:00,16748.0,2024-08-19 14:01:00,16750.6,1,1041.76,0.31,16746.75,16751.12,ULTIMATE_20 BUY breakout - OR15min regime optimized,closed,2.5
345,ULTIMATE_BALANCED,NQ,BUY,2024-08-20 09:56:00,16073.75,2024-08-20 10:16:00,16077.74,1,1594.39,0.5,16072.25,16078.25,ULTIMATE_BALANCED BUY breakout - OR45min regime optimized,closed,3.0
19,ULTIMATE_20,NQ,SELL,2024-08-20 11:29:00,16454.0,2024-08-20 12:49:00,16450.56,1,1375.11,0.42,16455.25,16450.88,ULTIMATE_20 SELL breakout - OR15min regime optimized,closed,2.5
346,ULTIMATE_BALANCED,NQ,SELL,2024-08-20 12:55:00,16799.5,2024-08-20 13:13:00,16796.04,1,1382.41,0.41,16801.0,16795.0,ULTIMATE_BALANCED SELL breakout - OR45min regime optimized,closed,3.0
199,ULTIMATE_30,NQ,BUY,2024-08-20 13:27:00,15912.75,2024-08-20 14:43:00,15911.89,1,-345.03,-0.11,15911.75,15916.75,ULTIMATE_30 BUY breakout - OR30min regime optimized,closed,4.0
198,ULTIMATE_30,NQ,BUY,2024-08-20 13:54:00,15730.75,2024-08-20 15:17:00,15734.62,1,1547.58,0.49,15729.75,15734.75,ULTIMATE_30 BUY breakout - OR30min regime optimized,closed,4.0
200,ULTIMATE_30,NQ,SELL,2024-08-21 10:12:00,15512.25,2024-08-21 11:35:00,15513.34,1,-437.37,-0.14,15513.25,15508.25,ULTIMATE_30 SELL breakout - OR30min regime optimized,closed,4.0
20,ULTIMATE_20,NQ,SELL,2024-08-21 10:27:00,16314.25,2024-08-21 12:22:00,16311.14,1,1245.39,0.38,16315.5,16311.12,ULTIMATE_20 SELL breakout - OR15min regime optimized,closed,2.5
347,ULTIMATE_BALANCED,NQ,BUY,2024-08-21 11:18:00,15857.25,2024-08-21 12:25:00,15861.9,1,1861.03,0.59,15855.75,15861.75,ULTIMATE_BALANCED BUY breakout - OR45min regime optimized,closed,3.0
21,ULTIMATE_20,NQ,BUY,2024-08-21 11:59:00,16676.75,2024-08-21 12:25:00,16680.12,1,1348.74,0.4,16675.5,16679.88,ULTIMATE_20 BUY breakout - OR15min regime optimized,closed,2.5
348,ULTIMATE_BALANCED,NQ,BUY,2024-08-21 12:55:00,16052.25,2024-08-21 13:38:00,16056.43,1,1672.89,0.52,16050.75,16056.75,ULTIMATE_BALANCED BUY breakout - OR45min regime optimized,closed,3.0
22,ULTIMATE_20,NQ,BUY,2024-08-21 13:14:00,16281.0,2024-08-21 14:11:00,16284.12,1,1249.75,0.38,16279.75,16284.12,ULTIMATE_20 BUY breakout - OR15min regime optimized,closed,2.5
23,ULTIMATE_20,NQ,SELL,2024-08-22 09:45:00,15768.0,2024-08-22 10:04:00,15764.71,1,1317.51,0.42,15769.25,15764.88,ULTIMATE_20 SELL breakout - OR15min regime optimized,closed,2.5
349,ULTIMATE_BALANCED,NQ,BUY,2024-08-22 12:48:00,16497.0,2024-08-22 13:11:00,16500.34,1,1334.46,0.4,16495.5,16501.5,ULTIMATE_BALANCED BUY breakout - OR45min regime optimized,closed,3.0
350,ULTIMATE_BALANCED,NQ,SELL,2024-08-22 14:06:00,16450.5,2024-08-22 14:23:00,16446.14,1,1745.32,0.53,16452.0,16446.0,ULTIMATE_BALANCED SELL breakout - OR45min regime optimized,closed,3.0
24,ULTIMATE_20,NQ,SELL,2024-08-22 14:13:00,16230.0,2024-08-22 15:53:00,16227.38,1,1046.63,0.32,16231.25,16226.88,ULTIMATE_20 SELL breakout - OR15min regime optimized,closed,2.5
201,ULTIMATE_30,NQ,BUY,2024-08-23 09:51:00,15816.5,2024-08-23 11:08:00,15820.14,1,1455.71,0.46,15815.5,15820.5,ULTIMATE_30 BUY breakout - OR30min regime optimized,closed,4.0
27,ULTIMATE_20,NQ,BUY,2024-08-23 09:52:00,16124.75,2024-08-23 11:21:00,16127.94,1,1275.06,0.4,16123.5,16127.88,ULTIMATE_20 BUY breakout - OR15min regime optimized,closed,2.5
202,ULTIMATE_30,NQ,BUY,2024-08-23 12:36:00,15860.25,2024-08-23 14:03:00,15863.58,1,1331.41,0.42,15859.25,15864.25,ULTIMATE_30 BUY breakout - OR30min regime optimized,closed,4.0
351,ULTIMATE_BALANCED,NQ,BUY,2024-08-23 12:49:00,15779.25,2024-08-23 13:21:00,15783.2,1,1578.1,0.5,15777.75,15783.75,ULTIMATE_BALANCED BUY breakout - OR45min regime optimized,closed,3.0
26,ULTIMATE_20,NQ,BUY,2024-08-23 14:09:00,15922.0,2024-08-23 15:58:00,15924.92,1,1168.48,0.37,15920.75,15925.12,ULTIMATE_20 BUY breakout - OR15min regime optimized,closed,2.5
25,ULTIMATE_20,NQ,BUY,2024-08-23 14:25:00,16607.75,2024-08-23 15:00:00,16606.63,1,-448.7,-0.14,16606.5,16610.88,ULTIMATE_20 BUY breakout - OR15min regime optimized,closed,2.5
29,ULTIMATE_20,NQ,BUY,2024-08-26 09:46:00,16289.75,2024-08-26 10:39:00,16292.71,1,1183.68,0.36,16288.5,16292.88,ULTIMATE_20 BUY breakout - OR15min regime optimized,closed,2.5
203,ULTIMATE_30,NQ,BUY,2024-08-26 11:30:00,15686.5,2024-08-26 13:10:00,15690.02,1,1408.52,0.45,15685.5,15690.5,ULTIMATE_30 BUY breakout - OR30min regime optimized,closed,4.0
204,ULTIMATE_30,NQ,SELL,2024-08-26 11:51:00,16367.75,2024-08-26 13:26:00,16364.12,1,1452.55,0.44,16368.75,16363.75,ULTIMATE_30 SELL breakout - OR30min regime optimized,closed,4.0
28,ULTIMATE_20,NQ,SELL,2024-08-26 12:20:00,16450.0,2024-08-26 13:05:00,16451.33,1,-530.03,-0.16,16451.25,16446.88,ULTIMATE_20 SELL breakout - OR15min regime optimized,closed,2.5
352,ULTIMATE_BALANCED,NQ,SELL,2024-08-26 14:11:00,15942.0,2024-08-26 15:13:00,15937.93,1,1626.13,0.51,15943.5,15937.5,ULTIMATE_BALANCED SELL breakout - OR45min regime optimized,closed,3.0
353,ULTIMATE_BALANCED,NQ,BUY,2024-08-27 09:55:00,15982.0,2024-08-27 10:52:00,15986.54,1,1816.86,0.57,15980.5,15986.5,ULTIMATE_BALANCED BUY breakout - OR45min regime optimized,closed,3.0
31,ULTIMATE_20,NQ,SELL,2024-08-27 10:18:00,16363.25,2024-08-27 11:50:00,16360.54,1,1082.17,0.33,16364.5,16360.12,ULTIMATE_20 SELL breakout - OR15min regime optimized,closed,2.5
205,ULTIMATE_30,NQ,SELL,2024-08-27 11:11:00,16531.75,2024-08-27 12:17:00,16532.83,1,-432.97,-0.13,16532.75,16527.75,ULTIMATE_30 SELL breakout - OR30min regime optimized,closed,4.0
32,ULTIMATE_20,NQ,BUY,2024-08-27 11:51:00,15948.5,2024-08-27 12:00:00,15947.4,1,-441.62,-0.14,15947.25,15951.62,ULTIMATE_20 BUY breakout - OR15min regime optimized,closed,2.5
30,ULTIMATE_20,NQ,SELL,2024-08-27 13:19:00,16230.75,2024-08-27 14:00:00,16228.14,1,1045.01,0.32,16232.0,16227.62,ULTIMATE_20 SELL breakout - OR15min regime optimized,closed,2.5
206,ULTIMATE_30,NQ,SELL,2024-08-27 14:07:00,15513.75,2024-08-27 14:56:00,15509.6,1,1659.95,0.53,15514.75,15509.75,ULTIMATE_30 SELL breakout - OR30min regime optimized,closed,4.0
33,ULTIMATE_20,NQ,SELL,2024-08-28 09:52:00,15626.5,2024-08-28 10:50:00,15627.81,1,-525.27,-0.17,15627.75,15623.38,ULTIMATE_20 SELL breakout - OR15min regime optimized,closed,2.5
207,ULTIMATE_30,NQ,SELL,2024-08-28 09:59:00,16454.5,2024-08-28 10:47:00,16450.96,1,1414.69,0.43,16455.5,16450.5,ULTIMATE_30 SELL breakout - OR30min regime optimized,closed,4.0
355,ULTIMATE_BALANCED,NQ,BUY,2024-08-28 10:14:00,16239.5,2024-08-28 11:39:00,16244.11,1,1845.94,0.57,16238.0,16244.0,ULTIMATE_BALANCED BUY breakout - OR45min regime optimized,closed,3.0
354,ULTIMATE_BALANCED,NQ,BUY,2024-08-28 13:29:00,16434.75,2024-08-28 14:43:00,16438.68,1,1570.37,0.48,16433.25,16439.25,ULTIMATE_BALANCED BUY breakout - OR45min regime optimized,closed,3.0
208,ULTIMATE_30,NQ,SELL,2024-08-29 11:35:00,16227.0,2024-08-29 13:27:00,16223.59,1,1364.3,0.42,16228.0,16223.0,ULTIMATE_30 SELL breakout - OR30min regime optimized,closed,4.0
209,ULTIMATE_30,NQ,SELL,2024-08-29 13:34:00,15557.25,2024-08-29 13:39:00,15554.44,1,1124.08,0.36,15558.25,15553.25,ULTIMATE_30 SELL breakout - OR30min regime optimized,closed,4.0
356,ULTIMATE_BALANCED,NQ,BUY,2024-08-29 13:46:00,15752.75,2024-08-29 15:00:00,15751.16,1,-634.87,-0.2,15751.25,15757.25,ULTIMATE_BALANCED BUY breakout - OR45min regime optimized,closed,3.0
210,ULTIMATE_30,NQ,BUY,2024-08-30 09:52:00,16600.0,2024-08-30 11:30:00,16604.45,1,1781.77,0.54,16599.0,16604.0,ULTIMATE_30 BUY breakout - OR30min regime optimized,closed,4.0
358,ULTIMATE_BALANCED,NQ,SELL,2024-08-30 13:23:00,16243.25,2024-08-30 14:14:00,16238.96,1,1717.32,0.53,16244.75,16238.75,ULTIMATE_BALANCED SELL breakout - OR45min regime optimized,closed,3.0
34,ULTIMATE_20,NQ,SELL,2024-08-30 14:08:00,16710.75,2024-08-30 15:59:00,16708.36,1,957.48,0.29,16712.0,16707.62,ULTIMATE_20 SELL breakout - OR15min regime optimized,closed,2.5
357,ULTIMATE_BALANCED,NQ,BUY,2024-08-30 14:10:00,16650.0,2024-08-30 14:53:00,16653.84,1,1535.71,0.46,16648.5,16654.5,ULTIMATE_BALANCED BUY breakout - OR45min regime optimized,closed,3.0
359,ULTIMATE_BALANCED,NQ,BUY,2024-09-02 09:46:00,15611.75,2024-09-02 10:47:00,15616.78,1,2010.84,0.64,15610.25,15616.25,ULTIMATE_BALANCED BUY breakout - OR45min regime optimized,closed,3.0
211,ULTIMATE_30,NQ,SELL,2024-09-02 11:00:00,15763.5,2024-09-02 11:18:00,15764.33,1,-330.34,-0.1,15764.5,15759.5,ULTIMATE_30 SELL breakout - OR30min regime optimized,closed,4.0
35,ULTIMATE_20,NQ,SELL,2024-09-02 11:01:00,16265.5,2024-09-02 11:36:00,16266.28,1,-313.39,-0.1,16266.75,16262.38,ULTIMATE_20 SELL breakout - OR15min regime optimized,closed,2.5
36,ULTIMATE_20,NQ,SELL,2024-09-02 11:03:00,15928.5,2024-09-02 12:33:00,15929.4,1,-360.89,-0.11,15929.75,15925.38,ULTIMATE_20 SELL breakout - OR15min regime optimized,closed,2.5
37,ULTIMATE_20,NQ,SELL,2024-09-03 09:49:00,16362.0,2024-09-03 11:44:00,16363.03,1,-413.39,-0.13,16363.25,16358.88,ULTIMATE_20 SELL breakout - OR15min regime optimized,closed,2.5
212,ULTIMATE_30,NQ,SELL,2024-09-03 11:28:00,15682.0,2024-09-03 13:23:00,15682.92,1,-368.72,-0.12,15683.0,15678.0,ULTIMATE_30 SELL breakout - OR30min regime optimized,closed,4.0
360,ULTIMATE_BALANCED,NQ,SELL,2024-09-03 13:48:00,15904.75,2024-09-03 15:29:00,15900.48,1,1706.23,0.54,15906.25,15900.25,ULTIMATE_BALANCED SELL breakout - OR45min regime optimized,closed,3.0
213,ULTIMATE_30,NQ,SELL,2024-09-04 09:48:00,15744.75,2024-09-04 10:36:00,15745.98,1,-492.44,-0.16,15745.75,15740.75,ULTIMATE_30 SELL breakout - OR30min regime optimized,closed,4.0
361,ULTIMATE_BALANCED,NQ,BUY,2024-09-04 10:03:00,16561.75,2024-09-04 10:31:00,16566.21,1,1783.06,0.54,16560.25,16566.25,ULTIMATE_BALANCED BUY breakout - OR45min regime optimized,closed,3.0
362,ULTIMATE_BALANCED,NQ,SELL,2024-09-04 14:14:00,16410.5,2024-09-04 15:16:00,16406.62,1,1553.04,0.47,16412.0,16406.0,ULTIMATE_BALANCED SELL breakout - OR45min regime optimized,closed,3.0
363,ULTIMATE_BALANCED,NQ,BUY,2024-09-05 09:48:00,15881.5,2024-09-05 10:07:00,15885.44,1,1574.65,0.5,15880.0,15886.0,ULTIMATE_BALANCED BUY breakout - OR45min regime optimized,closed,3.0
214,ULTIMATE_30,NQ,BUY,2024-09-05 12:16:00,16378.0,2024-09-05 12:33:00,16381.76,1,1502.72,0.46,16377.0,16382.0,ULTIMATE_30 BUY breakout - OR30min regime optimized,closed,4.0
39,ULTIMATE_20,NQ,SELL,2024-09-05 12:41:00,15548.75,2024-09-05 14:17:00,15550.18,1,-570.09,-0.18,15550.0,15545.62,ULTIMATE_20 SELL breakout - OR15min regime optimized,closed,2.5
40,ULTIMATE_20,NQ,SELL,2024-09-05 12:55:00,15898.25,2024-09-05 14:47:00,15895.09,1,1264.67,0.4,15899.5,15895.12,ULTIMATE_20 SELL breakout - OR15min regime optimized,closed,2.5
38,ULTIMATE_20,NQ,SELL,2024-09-05 14:15:00,16686.75,2024-09-05 16:03:00,16687.84,1,-437.09,-0.13,16688.0,16683.62,ULTIMATE_20 SELL breakout - OR15min regime optimized,closed,2.5
216,ULTIMATE_30,NQ,BUY,2024-09-06 10:57:00,16763.5,2024-09-06 12:51:00,16767.36,1,1545.27,0.46,16762.5,16767.5,ULTIMATE_30 BUY breakout - OR30min regime optimized,closed,4.0
43,ULTIMATE_20,NQ,BUY,2024-09-06 11:46:00,16218.25,2024-09-06 13:41:00,16220.43,1,873.06,0.27,16217.0,16221.38,ULTIMATE_20 BUY breakout - OR15min regime optimized,closed,2.5
41,ULTIMATE_20,NQ,BUY,2024-09-06 11:49:00,16039.5,2024-09-06 12:37:00,16038.19,1,-524.84,-0.16,16038.25,16042.62,ULTIMATE_20 BUY breakout - OR15min regime optimized,closed,2.5
215,ULTIMATE_30,NQ,BUY,2024-09-06 13:17:00,16456.0,2024-09-06 14:27:00,16460.13,1,1652.31,0.5,16455.0,16460.0,ULTIMATE_30 BUY breakout - OR30min regime optimized,closed,4.0
42,ULTIMATE_20,NQ,BUY,2024-09-06 14:24:00,16356.75,2024-09-06 15:36:00,16360.01,1,1303.52,0.4,16355.5,16359.88,ULTIMATE_20 BUY breakout - OR15min regime optimized,closed,2.5
364,ULTIMATE_BALANCED,NQ,BUY,2024-09-06 14:30:00,16486.75,2024-09-06 15:50:00,16485.43,1,-527.22,-0.16,16485.25,16491.25,ULTIMATE_BALANCED BUY breakout - OR45min regime optimized,closed,3.0
45,ULTIMATE_20,NQ,SELL,2024-09-09 09:54:00,16567.5,2024-09-09 10:57:00,16564.11,1,1357.89,0.41,16568.75,16564.38,ULTIMATE_20 SELL breakout - OR15min regime optimized,closed,2.5
44,ULTIMATE_20,NQ,BUY,2024-09-09 11:38:00,16372.75,2024-09-09 13:30:00,16376.06,1,1323.61,0.4,16371.5,16375.88,ULTIMATE_20 BUY breakout - OR15min regime optimized,closed,2.5
46,ULTIMATE_20,NQ,SELL,2024-09-09 13:05:00,16307.0,2024-09-09 13:35:00,16308.28,1,-511.44,-0.16,16308.25,16303.88,ULTIMATE_20 SELL breakout - OR15min regime optimized,closed,2.5
217,ULTIMATE_30,NQ,SELL,2024-09-10 10:55:00,16335.5,2024-09-10 12:37:00,16332.27,1,1293.72,0.4,16336.5,16331.5,ULTIMATE_30 SELL breakout - OR30min regime optimized,closed,4.0
365,ULTIMATE_BALANCED,NQ,SELL,2024-09-10 11:12:00,16444.75,2024-09-10 12:53:00,16440.57,1,1670.67,0.51,16446.25,16440.25,ULTIMATE_BALANCED SELL breakout - OR45min regime optimized,closed,3.0
47,ULTIMATE_20,NQ,SELL,2024-09-10 12:10:00,15698.0,2024-09-10 13:32:00,15695.13,1,1147.25,0.37,15699.25,15694.88,ULTIMATE_20 SELL breakout - OR15min regime optimized,closed,2.5
48,ULTIMATE_20,NQ,BUY,2024-09-10 13:14:00,16795.5,2024-09-10 13:28:00,16797.95,1,978.16,0.29,16794.25,16798.62,ULTIMATE_20 BUY breakout - OR15min regime optimized,closed,2.5
49,ULTIMATE_20,NQ,BUY,2024-09-10 14:21:00,15757.5,2024-09-10 15:39:00,15756.44,1,-423.73,-0.13,15756.25,15760.62,ULTIMATE_20 BUY breakout - OR15min regime optimized,closed,2.5
366,ULTIMATE_BALANCED,NQ,SELL,2024-09-11 14:16:00,16658.0,2024-09-11 14:27:00,16653.49,1,1805.54,0.54,16659.5,16653.5,ULTIMATE_BALANCED SELL breakout - OR45min regime optimized,closed,3.0
50,ULTIMATE_20,NQ,BUY,2024-09-12 09:51:00,16326.0,2024-09-12 11:37:00,16328.53,1,1013.66,0.31,16324.75,16329.12,ULTIMATE_20 BUY breakout - OR15min regime optimized,closed,2.5
218,ULTIMATE_30,NQ,SELL,2024-09-12 09:54:00,15968.25,2024-09-12 10:28:00,15964.71,1,1416.41,0.44,15969.25,15964.25,ULTIMATE_30 SELL breakout - OR30min regime optimized,closed,4.0
51,ULTIMATE_20,NQ,SELL,2024-09-12 10:40:00,15932.0,2024-09-12 10:46:00,15929.08,1,1167.46,0.37,15933.25,15928.88,ULTIMATE_20 SELL breakout - OR15min regime optimized,closed,2.5
367,ULTIMATE_BALANCED,NQ,BUY,2024-09-12 11:36:00,16197.0,2024-09-12 12:28:00,16201.74,1,1897.57,0.59,16195.5,16201.5,ULTIMATE_BALANCED BUY breakout - OR45min regime optimized,closed,3.0
369,ULTIMATE_BALANCED,NQ,SELL,2024-09-13 09:56:00,16719.5,2024-09-13 11:51:00,16715.78,1,1486.42,0.44,16721.0,16715.0,ULTIMATE_BALANCED SELL breakout - OR45min regime optimized,closed,3.0
54,ULTIMATE_20,NQ,SELL,2024-09-13 11:07:00,16292.5,2024-09-13 12:40:00,16289.93,1,1027.8,0.32,16293.75,16289.38,ULTIMATE_20 SELL breakout - OR15min regime optimized,closed,2.5
219,ULTIMATE_30,NQ,BUY,2024-09-13 11:11:00,15655.25,2024-09-13 11:42:00,15658.21,1,1182.95,0.38,15654.25,15659.25,ULTIMATE_30 BUY breakout - OR30min regime optimized,closed,4.0
368,ULTIMATE_BALANCED,NQ,BUY,2024-09-13 11:33:00,15660.25,2024-09-13 12:16:00,15664.84,1,1836.54,0.59,15658.75,15664.75,ULTIMATE_BALANCED BUY breakout - OR45min regime optimized,closed,3.0
220,ULTIMATE_30,NQ,SELL,2024-09-13 12:49:00,15656.5,2024-09-13 13:26:00,15652.74,1,1504.05,0.48,15657.5,15652.5,ULTIMATE_30 SELL breakout - OR30min regime optimized,closed,4.0
53,ULTIMATE_20,NQ,BUY,2024-09-13 13:45:00,16553.0,2024-09-13 14:07:00,16556.07,1,1229.85,0.37,16551.75,16556.12,ULTIMATE_20 BUY breakout - OR15min regime optimized,closed,2.5
52,ULTIMATE_20,NQ,SELL,2024-09-13 14:28:00,15836.5,2024-09-13 15:00:00,15834.26,1,897.99,0.28,15837.75,15833.38,ULTIMATE_20 SELL breakout - OR15min regime optimized,closed,2.5
56,ULTIMATE_20,NQ,BUY,2024-09-16 10:17:00,16371.75,2024-09-16 11:32:00,16370.48,1,-507.89,-0.16,16370.5,16374.88,ULTIMATE_20 BUY breakout - OR15min regime optimized,closed,2.5
371,ULTIMATE_BALANCED,NQ,BUY,2024-09-16 10:23:00,16313.75,2024-09-16 11:29:00,16318.38,1,1850.56,0.57,16312.25,16318.25,ULTIMATE_BALANCED BUY breakout - OR45min regime optimized,closed,3.0
221,ULTIMATE_30,NQ,SELL,2024-09-16 10:24:00,15542.25,2024-09-16 11:20:00,15543.31,1,-425.15,-0.14,15543.25,15538.25,ULTIMATE_30 SELL breakout - OR30min regime optimized,closed,4.0
222,ULTIMATE_30,NQ,BUY,2024-09-16 12:42:00,16179.5,2024-09-16 14:35:00,16183.1,1,1440.31,0.45,16178.5,16183.5,ULTIMATE_30 BUY breakout - OR30min regime optimized,closed,4.0
370,ULTIMATE_BALANCED,NQ,SELL,2024-09-16 13:53:00,16125.5,2024-09-16 14:06:00,16121.39,1,1645.44,0.51,16127.0,16121.0,ULTIMATE_BALANCED SELL breakout - OR45min regime optimized,closed,3.0
55,ULTIMATE_20,NQ,BUY,2024-09-16 14:24:00,16722.0,2024-09-16 14:34:00,16724.77,1,1108.15,0.33,16720.75,16725.12,ULTIMATE_20 BUY breakout - OR15min regime optimized,closed,2.5
58,ULTIMATE_20,NQ,BUY,2024-09-17 09:57:00,15884.0,2024-09-17 10:44:00,15886.56,1,1024.8,0.32,15882.75,15887.12,ULTIMATE_20 BUY breakout - OR15min regime optimized,closed,2.5
373,ULTIMATE_BALANCED,NQ,BUY,2024-09-17 12:22:00,16418.5,2024-09-17 12:49:00,16416.98,1,-606.44,-0.18,16417.0,16423.0,ULTIMATE_BALANCED BUY breakout - OR45min regime optimized,closed,3.0
223,ULTIMATE_30,NQ,SELL,2024-09-17 13:03:00,16648.25,2024-09-17 13:52:00,16649.07,1,-327.56,-0.1,16649.25,16644.25,ULTIMATE_30 SELL breakout - OR30min regime optimized,closed,4.0
57,ULTIMATE_20,NQ,SELL,2024-09-17 13:12:00,16351.25,2024-09-17 14:53:00,16348.41,1,1137.13,0.35,16352.5,16348.12,ULTIMATE_20 SELL breakout - OR15min regime optimized,closed,2.5
372,ULTIMATE_BALANCED,NQ,BUY,2024-09-17 13:13:00,16031.0,2024-09-17 14:28:00,16035.21,1,1682.22,0.52,16029.5,16035.5,ULTIMATE_BALANCED BUY breakout - OR45min regime optimized,closed,3.0
224,ULTIMATE_30,NQ,BUY,2024-09-17 13:38:00,16235.25,2024-09-17 15:04:00,16234.53,1,-286.04,-0.09,16234.25,16239.25,ULTIMATE_30 BUY breakout - OR30min regime optimized,closed,4.0
226,ULTIMATE_30,NQ,BUY,2024-09-18 09:54:00,16040.25,2024-09-18 11:38:00,16044.05,1,1518.37,0.47,16039.25,16044.25,ULTIMATE_30 BUY breakout - OR30min regime optimized,closed,4.0
374,ULTIMATE_BALANCED,NQ,BUY,2024-09-18 13:09:00,15951.25,2024-09-18 14:39:00,15955.62,1,1746.79,0.55,15949.75,15955.75,ULTIMATE_BALANCED BUY breakout - OR45min regime optimized,closed,3.0
225,ULTIMATE_30,NQ,BUY,2024-09-18 13:20:00,15669.0,2024-09-18 15:10:00,15667.86,1,-456.26,-0.15,15668.0,15673.0,ULTIMATE_30 BUY breakout - OR30min regime optimized,closed,4.0
375,ULTIMATE_BALANCED,NQ,SELL,2024-09-18 13:47:00,15704.0,2024-09-18 15:07:00,15699.93,1,1629.11,0.52,15705.5,15699.5,ULTIMATE_BALANCED SELL breakout - OR45min regime optimized,closed,3.0
59,ULTIMATE_20,NQ,BUY,2024-09-19 09:55:00,16090.5,2024-09-19 11:51:00,16093.48,1,1191.44,0.37,16089.25,16093.62,ULTIMATE_20 BUY breakout - OR15min regime optimized,closed,2.5
227,ULTIMATE_30,NQ,SELL,2024-09-19 13:09:00,16196.0,2024-09-19 13:39:00,16192.42,1,1432.35,0.44,16197.0,16192.0,ULTIMATE_30 SELL breakout - OR30min regime optimized,closed,4.0
376,ULTIMATE_BALANCED,NQ,SELL,2024-09-20 09:59:00,16267.25,2024-09-20 11:47:00,16262.97,1,1713.64,0.53,16268.75,16262.75,ULTIMATE_BALANCED SELL breakout - OR45min regime optimized,closed,3.0
61,ULTIMATE_20,NQ,SELL,2024-09-20 10:00:00,15567.75,2024-09-20 11:29:00,15568.93,1,-471.37,-0.15,15569.0,15564.62,ULTIMATE_20 SELL breakout - OR15min regime optimized,closed,2.5
60,ULTIMATE_20,NQ,BUY,2024-09-20 11:11:00,16787.5,2024-09-20 13:05:00,16791.23,1,1493.33,0.44,16786.25,16790.62,ULTIMATE_20 BUY breakout - OR15min regime optimized,closed,2.5
62,ULTIMATE_20,NQ,BUY,2024-09-20 11:47:00,16392.5,2024-09-20 11:58:00,16391.27,1,-492.5,-0.15,16391.25,16395.62,ULTIMATE_20 BUY breakout - OR15min regime optimized,closed,2.5
377,ULTIMATE_BALANCED,NQ,SELL,2024-09-20 11:50:00,16143.25,2024-09-20 12:12:00,16139.33,1,1567.51,0.49,16144.75,16138.75,ULTIMATE_BALANCED SELL breakout - OR45min regime optimized,closed,3.0
228,ULTIMATE_30,NQ,BUY,2024-09-20 14:15:00,16624.0,2024-09-20 15:25:00,16627.82,1,1529.87,0.46,16623.0,16628.0,ULTIMATE_30 BUY breakout - OR30min regime optimized,closed,4.0
63,ULTIMATE_20,NQ,BUY,2024-09-23 09:53:00,16289.5,2024-09-23 10:07:00,16288.29,1,-485.81,-0.15,16288.25,16292.62,ULTIMATE_20 BUY breakout - OR15min regime optimized,closed,2.5
65,ULTIMATE_20,NQ,SELL,2024-09-23 11:27:00,15982.25,2024-09-23 11:32:00,15983.29,1,-414.37,-0.13,15983.5,15979.12,ULTIMATE_20 SELL breakout - OR15min regime optimized,closed,2.5
378,ULTIMATE_BALANCED,NQ,SELL,2024-09-23 11:58:00,16180.75,2024-09-23 12:28:00,16176.53,1,1686.73,0.52,16182.25,16176.25,ULTIMATE_BALANCED SELL breakout - OR45min regime optimized,closed,3.0
64,ULTIMATE_20,NQ,SELL,2024-09-23 14:11:00,16771.75,2024-09-23 15:01:00,16769.21,1,1016.88,0.3,16773.0,16768.62,ULTIMATE_20 SELL breakout - OR15min regime optimized,closed,2.5
66,ULTIMATE_20,NQ,SELL,2024-09-24 10:54:00,15879.5,2024-09-24 11:32:00,15880.64,1,-455.89,-0.14,15880.75,15876.38,ULTIMATE_20 SELL breakout - OR15min regime optimized,closed,2.5
379,ULTIMATE_BALANCED,NQ,SELL,2024-09-24 13:54:00,16794.75,2024-09-24 15:29:00,16796.32,1,-627.23,-0.19,16796.25,16790.25,ULTIMATE_BALANCED SELL breakout - OR45min regime optimized,closed,3.0
229,ULTIMATE_30,NQ,BUY,2024-09-24 14:23:00,15524.5,2024-09-24 14:41:00,15527.94,1,1374.39,0.44,15523.5,15528.5,ULTIMATE_30 BUY breakout - OR30min regime optimized,closed,4.0
67,ULTIMATE_20,NQ,SELL,2024-09-25 13:07:00,16067.0,2024-09-25 15:03:00,16068.04,1,-415.84,-0.13,16068.25,16063.88,ULTIMATE_20 SELL breakout - OR15min regime optimized,closed,2.5
380,ULTIMATE_BALANCED,NQ,SELL,2024-09-25 13:20:00,16700.75,2024-09-25 14:32:00,16695.99,1,1903.65,0.57,16702.25,16696.25,ULTIMATE_BALANCED SELL breakout - OR45min regime optimized,closed,3.0
381,ULTIMATE_BALANCED,NQ,BUY,2024-09-25 13:46:00,15536.5,2024-09-25 14:11:00,15541.12,1,1849.59,0.6,15535.0,15541.0,ULTIMATE_BALANCED BUY breakout - OR45min regime optimized,closed,3.0
68,ULTIMATE_20,NQ,BUY,2024-09-25 13:51:00,15584.0,2024-09-25 14:33:00,15587.39,1,1354.29,0.43,15582.75,15587.12,ULTIMATE_20 BUY breakout - OR15min regime optimized,closed,2.5
230,ULTIMATE_30,NQ,SELL,2024-09-25 14:22:00,16194.5,2024-09-25 16:18:00,16195.42,1,-367.6,-0.11,16195.5,16190.5,ULTIMATE_30 SELL breakout - OR30min regime optimized,closed,4.0
69,ULTIMATE_20,NQ,SELL,2024-09-26 11:14:00,15615.75,2024-09-26 13:07:00,15612.9,1,1139.15,0.36,15617.0,15612.62,ULTIMATE_20 SELL breakout - OR15min regime optimized,closed,2.5
231,ULTIMATE_30,NQ,BUY,2024-09-26 11:39:00,16081.25,2024-09-26 13:28:00,16085.18,1,1573.81,0.49,16080.25,16085.25,ULTIMATE_30 BUY breakout - OR30min regime optimized,closed,4.0
70,ULTIMATE_20,NQ,BUY,2024-09-26 11:47:00,16201.5,2024-09-26 12:04:00,16200.36,1,-456.66,-0.14,16200.25,16204.62,ULTIMATE_20 BUY breakout - OR15min regime optimized,closed,2.5
382,ULTIMATE_BALANCED,NQ,SELL,2024-09-26 12:31:00,15603.75,2024-09-26 13:19:00,15605.29,1,-616.11,-0.2,15605.25,15599.25,ULTIMATE_BALANCED SELL breakout - OR45min regime optimized,closed,3.0
73,ULTIMATE_20,NQ,BUY,2024-09-27 10:14:00,16461.0,2024-09-27 11:42:00,16464.04,1,1214.8,0.37,16459.75,16464.12,ULTIMATE_20 BUY breakout - OR15min regime optimized,closed,2.5
72,ULTIMATE_20,NQ,BUY,2024-09-27 10:32:00,15832.25,2024-09-27 10:47:00,15834.33,1,830.13,0.26,15831.0,15835.38,ULTIMATE_20 BUY breakout - OR15min regime optimized,closed,2.5
71,ULTIMATE_20,NQ,SELL,2024-09-27 11:10:00,16617.0,2024-09-27 11:33:00,16617.99,1,-395.06,-0.12,16618.25,16613.88,ULTIMATE_20 SELL breakout - OR15min regime optimized,closed,2.5
383,ULTIMATE_BALANCED,NQ,BUY,2024-09-27 11:24:00,16648.25,2024-09-27 12:53:00,16646.9,1,-539.98,-0.16,16646.75,16652.75,ULTIMATE_BALANCED BUY breakout - OR45min regime optimized,closed,3.0
384,ULTIMATE_BALANCED,NQ,SELL,2024-09-27 13:38:00,15612.75,2024-09-27 14:47:00,15609.21,1,1414.47,0.45,15614.25,15608.25,ULTIMATE_BALANCED SELL breakout - OR45min regime optimized,closed,3.0
385,ULTIMATE_BALANCED,NQ,BUY,2024-09-30 12:19:00,15826.25,2024-09-30 12:40:00,15830.46,1,1685.96,0.53,15824.75,15830.75,ULTIMATE_BALANCED BUY breakout - OR45min regime optimized,closed,3.0
74,ULTIMATE_20,NQ,SELL,2024-09-30 12:22:00,15506.25,2024-09-30 12:34:00,15503.14,1,1243.01,0.4,15507.5,15503.12,ULTIMATE_20 SELL breakout - OR15min regime optimized,closed,2.5
233,ULTIMATE_30,NQ,SELL,2024-09-30 12:36:00,16080.25,2024-09-30 14:24:00,16076.61,1,1456.57,0.45,16081.25,16076.25,ULTIMATE_30 SELL breakout - OR30min regime optimized,closed,4.0
232,ULTIMATE_30,NQ,SELL,2024-09-30 13:06:00,15692.5,2024-09-30 13:54:00,15693.32,1,-329.93,-0.11,15693.5,15688.5,ULTIMATE_30 SELL breakout - OR30min regime optimized,closed,4.0
75,ULTIMATE_20,NQ,SELL,2024-10-01 11:14:00,16304.0,2024-10-01 11:28:00,16305.1,1,-441.1,-0.14,16305.25,16300.88,ULTIMATE_20 SELL breakout - OR15min regime optimized,closed,2.5
76,ULTIMATE_20,NQ,SELL,2024-10-02 12:09:00,15831.5,2024-10-02 14:07:00,15832.6,1,-439.79,-0.14,15832.75,15828.38,ULTIMATE_20 SELL breakout - OR15min regime optimized,closed,2.5
234,ULTIMATE_30,NQ,SELL,2024-10-02 14:01:00,16517.5,2024-10-02 14:09:00,16518.44,1,-375.6,-0.11,16518.5,16513.5,ULTIMATE_30 SELL breakout - OR30min regime optimized,closed,4.0
235,ULTIMATE_30,NQ,SELL,2024-10-03 10:49:00,16647.75,2024-10-03 12:27:00,16648.71,1,-384.77,-0.12,16648.75,16643.75,ULTIMATE_30 SELL breakout - OR30min regime optimized,closed,4.0
236,ULTIMATE_30,NQ,SELL,2024-10-03 14:01:00,15883.0,2024-10-03 15:59:00,15879.34,1,1462.52,0.46,15884.0,15879.0,ULTIMATE_30 SELL breakout - OR30min regime optimized,closed,4.0
77,ULTIMATE_20,NQ,SELL,2024-10-04 09:54:00,16025.5,2024-10-04 11:21:00,16022.36,1,1254.64,0.39,16026.75,16022.38,ULTIMATE_20 SELL breakout - OR15min regime optimized,closed,2.5
386,ULTIMATE_BALANCED,NQ,BUY,2024-10-04 10:03:00,15870.25,2024-10-04 11:31:00,15868.74,1,-602.47,-0.19,15868.75,15874.75,ULTIMATE_BALANCED BUY breakout - OR45min regime optimized,closed,3.0
237,ULTIMATE_30,NQ,BUY,2024-10-04 10:55:00,15540.25,2024-10-04 12:27:00,15543.98,1,1492.1,0.48,15539.25,15544.25,ULTIMATE_30 BUY breakout - OR30min regime optimized,closed,4.0
78,ULTIMATE_20,NQ,SELL,2024-10-04 13:31:00,16658.75,2024-10-04 14:46:00,16660.1,1,-541.08,-0.16,16660.0,16655.62,ULTIMATE_20 SELL breakout - OR15min regime optimized,closed,2.5
238,ULTIMATE_30,NQ,BUY,2024-10-07 12:08:00,16339.25,2024-10-07 12:26:00,16342.43,1,1273.72,0.39,16338.25,16343.25,ULTIMATE_30 BUY breakout - OR30min regime optimized,closed,4.0
387,ULTIMATE_BALANCED,NQ,BUY,2024-10-07 12:28:00,16412.5,2024-10-07 13:49:00,16417.18,1,1870.94,0.57,16411.0,16417.0,ULTIMATE_BALANCED BUY breakout - OR45min regime optimized,closed,3.0
388,ULTIMATE_BALANCED,NQ,BUY,2024-10-07 13:07:00,16314.5,2024-10-07 14:48:00,16312.95,1,-621.02,-0.19,16313.0,16319.0,ULTIMATE_BALANCED BUY breakout - OR45min regime optimized,closed,3.0
389,ULTIMATE_BALANCED,NQ,BUY,2024-10-08 12:20:00,16034.0,2024-10-08 13:18:00,16037.71,1,1482.32,0.46,16032.5,16038.5,ULTIMATE_BALANCED BUY breakout - OR45min regime optimized,closed,3.0
239,ULTIMATE_30,NQ,SELL,2024-10-08 12:57:00,16075.25,2024-10-08 14:08:00,16070.48,1,1908.32,0.59,16076.25,16071.25,ULTIMATE_30 SELL breakout - OR30min regime optimized,closed,4.0
79,ULTIMATE_20,NQ,SELL,2024-10-08 13:37:00,15818.0,2024-10-08 14:43:00,15815.56,1,975.36,0.31,15819.25,15814.88,ULTIMATE_20 SELL breakout - OR15min regime optimized,closed,2.5
390,ULTIMATE_BALANCED,NQ,BUY,2024-10-08 14:18:00,16609.25,2024-10-08 15:39:00,16613.94,1,1875.84,0.56,16607.75,16613.75,ULTIMATE_BALANCED BUY breakout - OR45min regime optimized,closed,3.0
81,ULTIMATE_20,NQ,SELL,2024-10-09 12:02:00,16175.25,2024-10-09 13:56:00,16172.62,1,1052.99,0.33,16176.5,16172.12,ULTIMATE_20 SELL breakout - OR15min regime optimized,closed,2.5
241,ULTIMATE_30,NQ,SELL,2024-10-09 12:44:00,15647.0,2024-10-09 13:13:00,15643.37,1,1453.33,0.46,15648.0,15643.0,ULTIMATE_30 SELL breakout - OR30min regime optimized,closed,4.0
80,ULTIMATE_20,NQ,BUY,2024-10-09 13:01:00,16427.75,2024-10-09 14:47:00,16431.17,1,1368.63,0.42,16426.5,16430.88,ULTIMATE_20 BUY breakout - OR15min regime optimized,closed,2.5
240,ULTIMATE_30,NQ,BUY,2024-10-09 14:07:00,15947.75,2024-10-09 14:22:00,15951.62,1,1546.07,0.48,15946.75,15951.75,ULTIMATE_30 BUY breakout - OR30min regime optimized,closed,4.0
243,ULTIMATE_30,NQ,SELL,2024-10-10 12:35:00,15740.5,2024-10-10 13:16:00,15736.29,1,1684.82,0.54,15741.5,15736.5,ULTIMATE_30 SELL breakout - OR30min regime optimized,closed,4.0
82,ULTIMATE_20,NQ,SELL,2024-10-10 13:21:00,15500.5,2024-10-10 14:53:00,15501.76,1,-504.8,-0.16,15501.75,15497.38,ULTIMATE_20 SELL breakout - OR15min regime optimized,closed,2.5
391,ULTIMATE_BALANCED,NQ,SELL,2024-10-10 13:30:00,16040.25,2024-10-10 14:39:00,16036.23,1,1609.91,0.5,16041.75,16035.75,ULTIMATE_BALANCED SELL breakout - OR45min regime optimized,closed,3.0
242,ULTIMATE_30,NQ,SELL,2024-10-10 13:35:00,16563.25,2024-10-10 13:58:00,16559.64,1,1445.35,0.44,16564.25,16559.25,ULTIMATE_30 SELL breakout - OR30min regime optimized,closed,4.0
392,ULTIMATE_BALANCED,NQ,SELL,2024-10-10 13:40:00,16104.0,2024-10-10 15:15:00,16099.26,1,1895.24,0.59,16105.5,16099.5,ULTIMATE_BALANCED SELL breakout - OR45min regime optimized,closed,3.0
85,ULTIMATE_20,NQ,BUY,2024-10-11 09:48:00,15542.5,2024-10-11 10:12:00,15545.3,1,1121.97,0.36,15541.25,15545.62,ULTIMATE_20 BUY breakout - OR15min regime optimized,closed,2.5
245,ULTIMATE_30,NQ,BUY,2024-10-11 10:48:00,16216.25,2024-10-11 10:57:00,16220.19,1,1575.42,0.49,16215.25,16220.25,ULTIMATE_30 BUY breakout - OR30min regime optimized,closed,4.0
83,ULTIMATE_20,NQ,BUY,2024-10-11 11:16:00,16556.0,2024-10-11 11:46:00,16554.52,1,-593.18,-0.18,16554.75,16559.12,ULTIMATE_20 BUY breakout - OR15min regime optimized,closed,2.5
244,ULTIMATE_30,NQ,SELL,2024-10-11 11:49:00,16769.75,2024-10-11 12:02:00,16770.38,1,-252.89,-0.08,16770.75,16765.75,ULTIMATE_30 SELL breakout - OR30min regime optimized,closed,4.0
84,ULTIMATE_20,NQ,BUY,2024-10-11 12:25:00,16569.5,2024-10-11 14:24:00,16572.92,1,1369.78,0.41,16568.25,16572.62,ULTIMATE_20 BUY breakout - OR15min regime optimized,closed,2.5
393,ULTIMATE_BALANCED,NQ,BUY,2024-10-14 10:44:00,16744.0,2024-10-14 11:00:00,16748.61,1,1844.22,0.55,16742.5,16748.5,ULTIMATE_BALANCED BUY breakout - OR45min regime optimized,closed,3.0
87,ULTIMATE_20,NQ,SELL,2024-10-14 11:20:00,15887.75,2024-10-14 11:27:00,15884.79,1,1183.26,0.37,15889.0,15884.62,ULTIMATE_20 SELL breakout - OR15min regime optimized,closed,2.5
394,ULTIMATE_BALANCED,NQ,BUY,2024-10-14 13:55:00,15646.25,2024-10-14 15:08:00,15650.94,1,1876.21,0.6,15644.75,15650.75,ULTIMATE_BALANCED BUY breakout - OR45min regime optimized,closed,3.0
86,ULTIMATE_20,NQ,SELL,2024-10-14 14:02:00,16303.25,2024-10-14 15:35:00,16304.49,1,-494.08,-0.15,16304.5,16300.12,ULTIMATE_20 SELL breakout - OR15min regime optimized,closed,2.5
88,ULTIMATE_20,NQ,SELL,2024-10-14 14:29:00,16611.25,2024-10-14 14:46:00,16612.5,1,-498.58,-0.15,16612.5,16608.12,ULTIMATE_20 SELL breakout - OR15min regime optimized,closed,2.5
247,ULTIMATE_30,NQ,BUY,2024-10-15 10:15:00,15599.5,2024-10-15 11:31:00,15603.15,1,1461.37,0.47,15598.5,15603.5,ULTIMATE_30 BUY breakout - OR30min regime optimized,closed,4.0
246,ULTIMATE_30,NQ,SELL,2024-10-15 12:19:00,16523.5,2024-10-15 13:41:00,16520.11,1,1354.85,0.41,16524.5,16519.5,ULTIMATE_30 SELL breakout - OR30min regime optimized,closed,4.0
395,ULTIMATE_BALANCED,NQ,SELL,2024-10-15 13:49:00,16145.5,2024-10-15 14:35:00,16140.33,1,2067.7,0.64,16147.0,16141.0,ULTIMATE_BALANCED SELL breakout - OR45min regime optimized,closed,3.0
396,ULTIMATE_BALANCED,NQ,SELL,2024-10-16 10:47:00,15735.75,2024-10-16 11:50:00,15737.08,1,-531.61,-0.17,15737.25,15731.25,ULTIMATE_BALANCED SELL breakout - OR45min regime optimized,closed,3.0
249,ULTIMATE_30,NQ,BUY,2024-10-16 13:14:00,16224.75,2024-10-16 14:58:00,16227.83,1,1231.06,0.38,16223.75,16228.75,ULTIMATE_30 BUY breakout - OR30min regime optimized,closed,4.0
397,ULTIMATE_BALANCED,NQ,SELL,2024-10-16 14:17:00,16618.75,2024-10-16 14:49:00,16620.4,1,-660.08,-0.2,16620.25,16614.25,ULTIMATE_BALANCED SELL breakout - OR45min regime optimized,closed,3.0
248,ULTIMATE_30,NQ,SELL,2024-10-16 14:30:00,16799.5,2024-10-16 15:44:00,16795.56,1,1574.31,0.47,16800.5,16795.5,ULTIMATE_30 SELL breakout - OR30min regime optimized,closed,4.0
398,ULTIMATE_BALANCED,NQ,SELL,2024-10-17 11:05:00,15763.0,2024-10-17 12:13:00,15764.41,1,-565.85,-0.18,15764.5,15758.5,ULTIMATE_BALANCED SELL breakout - OR45min regime optimized,closed,3.0
89,ULTIMATE_20,NQ,BUY,2024-10-17 12:40:00,15683.0,2024-10-17 12:59:00,15686.1,1,1240.91,0.4,15681.75,15686.12,ULTIMATE_20 BUY breakout - OR15min regime optimized,closed,2.5
90,ULTIMATE_20,NQ,BUY,2024-10-17 14:11:00,16631.25,2024-10-17 14:18:00,16634.44,1,1274.85,0.38,16630.0,16634.38,ULTIMATE_20 BUY breakout - OR15min regime optimized,closed,2.5
92,ULTIMATE_20,NQ,SELL,2024-10-18 10:06:00,15917.5,2024-10-18 10:41:00,15918.59,1,-436.68,-0.14,15918.75,15914.38,ULTIMATE_20 SELL breakout - OR15min regime optimized,closed,2.5
250,ULTIMATE_30,NQ,SELL,2024-10-18 10:43:00,16285.75,2024-10-18 12:24:00,16286.71,1,-385.91,-0.12,16286.75,16281.75,ULTIMATE_30 SELL breakout - OR30min regime optimized,closed,4.0
91,ULTIMATE_20,NQ,BUY,2024-10-18 13:48:00,15886.75,2024-10-18 14:44:00,15889.82,1,1229.42,0.39,15885.5,15889.88,ULTIMATE_20 BUY breakout - OR15min regime optimized,closed,2.5
94,ULTIMATE_20,NQ,BUY,2024-10-21 09:57:00,16596.5,2024-10-21 11:20:00,16595.27,1,-491.87,-0.15,16595.25,16599.62,ULTIMATE_20 BUY breakout - OR15min regime optimized,closed,2.5
252,ULTIMATE_30,NQ,BUY,2024-10-21 09:57:00,15547.5,2024-10-21 10:05:00,15550.81,1,1324.62,0.43,15546.5,15551.5,ULTIMATE_30 BUY breakout - OR30min regime optimized,closed,4.0
93,ULTIMATE_20,NQ,BUY,2024-10-21 11:00:00,16479.75,2024-10-21 12:27:00,16481.77,1,809.59,0.25,16478.5,16482.88,ULTIMATE_20 BUY breakout - OR15min regime optimized,closed,2.5
399,ULTIMATE_BALANCED,NQ,BUY,2024-10-21 12:13:00,16498.5,2024-10-21 12:41:00,16502.12,1,1446.4,0.44,16497.0,16503.0,ULTIMATE_BALANCED BUY breakout - OR45min regime optimized,closed,3.0
251,ULTIMATE_30,NQ,BUY,2024-10-21 14:02:00,15665.75,2024-10-21 14:16:00,15669.57,1,1527.9,0.49,15664.75,15669.75,ULTIMATE_30 BUY breakout - OR30min regime optimized,closed,4.0
400,ULTIMATE_BALANCED,NQ,SELL,2024-10-22 12:49:00,16709.25,2024-10-22 13:08:00,16706.04,1,1285.7,0.38,16710.75,16704.75,ULTIMATE_BALANCED SELL breakout - OR45min regime optimized,closed,3.0
95,ULTIMATE_20,NQ,SELL,2024-10-22 13:01:00,15957.25,2024-10-22 13:30:00,15954.0,1,1299.14,0.41,15958.5,15954.12,ULTIMATE_20 SELL breakout - OR15min regime optimized,closed,2.5
401,ULTIMATE_BALANCED,NQ,BUY,2024-10-23 09:52:00,16033.0,2024-10-23 11:48:00,16031.5,1,-598.56,-0.19,16031.5,16037.5,ULTIMATE_BALANCED BUY breakout - OR45min regime optimized,closed,3.0
253,ULTIMATE_30,NQ,SELL,2024-10-23 11:46:00,15652.0,2024-10-23 12:26:00,15648.01,1,1596.56,0.51,15653.0,15648.0,ULTIMATE_30 SELL breakout - OR30min regime optimized,closed,4.0
402,ULTIMATE_BALANCED,NQ,BUY,2024-10-24 12:13:00,15668.5,2024-10-24 13:34:00,15672.4,1,1559.17,0.5,15667.0,15673.0,ULTIMATE_BALANCED BUY breakout - OR45min regime optimized,closed,3.0
96,ULTIMATE_20,NQ,SELL,2024-10-24 12:26:00,15985.5,2024-10-24 12:50:00,15986.78,1,-510.79,-0.16,15986.75,15982.38,ULTIMATE_20 SELL breakout - OR15min regime optimized,closed,2.5
97,ULTIMATE_20,NQ,BUY,2024-10-25 10:02:00,16124.0,2024-10-25 11:53:00,16126.22,1,887.34,0.28,16122.75,16127.12,ULTIMATE_20 BUY breakout - OR15min regime optimized,closed,2.5
403,ULTIMATE_BALANCED,NQ,BUY,2024-10-25 10:11:00,16055.0,2024-10-25 11:04:00,16059.61,1,1843.37,0.57,16053.5,16059.5,ULTIMATE_BALANCED BUY breakout - OR45min regime optimized,closed,3.0
99,ULTIMATE_20,NQ,BUY,2024-10-25 10:27:00,16528.25,2024-10-25 12:26:00,16527.09,1,-465.79,-0.14,16527.0,16531.38,ULTIMATE_20 BUY breakout - OR15min regime optimized,closed,2.5
98,ULTIMATE_20,NQ,BUY,2024-10-25 11:10:00,16347.0,2024-10-25 12:35:00,16349.47,1,989.71,0.3,16345.75,16350.12,ULTIMATE_20 BUY breakout - OR15min regime optimized,closed,2.5
404,ULTIMATE_BALANCED,NQ,SELL,2024-10-25 11:23:00,16778.75,2024-10-25 13:19:00,16780.16,1,-563.78,-0.17,16780.25,16774.25,ULTIMATE_BALANCED SELL breakout - OR45min regime optimized,closed,3.0
405,ULTIMATE_BALANCED,NQ,BUY,2024-10-28 10:10:00,16159.25,2024-10-28 11:38:00,16163.49,1,1695.9,0.52,16157.75,16163.75,ULTIMATE_BALANCED BUY breakout - OR45min regime optimized,closed,3.0
254,ULTIMATE_30,NQ,SELL,2024-10-28 10:49:00,16085.25,2024-10-28 11:27:00,16081.74,1,1402.19,0.44,16086.25,16081.25,ULTIMATE_30 SELL breakout - OR30min regime optimized,closed,4.0
100,ULTIMATE_20,NQ,SELL,2024-10-28 14:29:00,15857.25,2024-10-28 16:15:00,15854.63,1,1049.41,0.33,15858.5,15854.12,ULTIMATE_20 SELL breakout - OR15min regime optimized,closed,2.5
256,ULTIMATE_30,NQ,BUY,2024-10-29 10:03:00,16060.0,2024-10-29 11:23:00,16064.27,1,1709.98,0.53,16059.0,16064.0,ULTIMATE_30 BUY breakout - OR30min regime optimized,closed,4.0
406,ULTIMATE_BALANCED,NQ,BUY,2024-10-29 10:53:00,16513.0,2024-10-29 12:01:00,16516.73,1,1493.49,0.45,16511.5,16517.5,ULTIMATE_BALANCED BUY breakout - OR45min regime optimized,closed,3.0
255,ULTIMATE_30,NQ,BUY,2024-10-29 11:11:00,15879.0,2024-10-29 11:21:00,15883.08,1,1630.91,0.51,15878.0,15883.0,ULTIMATE_30 BUY breakout - OR30min regime optimized,closed,4.0
101,ULTIMATE_20,NQ,SELL,2024-10-29 13:04:00,15755.5,2024-10-29 14:50:00,15752.15,1,1338.31,0.42,15756.75,15752.38,ULTIMATE_20 SELL breakout - OR15min regime optimized,closed,2.5
407,ULTIMATE_BALANCED,NQ,BUY,2024-10-29 14:25:00,15951.5,2024-10-29 16:01:00,15955.25,1,1501.13,0.47,15950.0,15956.0,ULTIMATE_BALANCED BUY breakout - OR45min regime optimized,closed,3.0
102,ULTIMATE_20,NQ,SELL,2024-10-30 12:29:00,15545.75,2024-10-30 14:10:00,15543.12,1,1053.25,0.34,15547.0,15542.62,ULTIMATE_20 SELL breakout - OR15min regime optimized,closed,2.5
408,ULTIMATE_BALANCED,NQ,BUY,2024-10-30 13:40:00,15768.25,2024-10-30 15:01:00,15766.88,1,-549.76,-0.17,15766.75,15772.75,ULTIMATE_BALANCED BUY breakout - OR45min regime optimized,closed,3.0
105,ULTIMATE_20,NQ,BUY,2024-10-31 09:58:00,16473.25,2024-10-31 10:45:00,16476.06,1,1124.65,0.34,16472.0,16476.38,ULTIMATE_20 BUY breakout - OR15min regime optimized,closed,2.5
104,ULTIMATE_20,NQ,BUY,2024-10-31 11:10:00,16577.75,2024-10-31 12:52:00,16580.25,1,999.89,0.3,16576.5,16580.88,ULTIMATE_20 BUY breakout - OR15min regime optimized,closed,2.5
257,ULTIMATE_30,NQ,SELL,2024-10-31 11:23:00,15718.5,2024-10-31 12:49:00,15715.0,1,1401.9,0.45,15719.5,15714.5,ULTIMATE_30 SELL breakout - OR30min regime optimized,closed,4.0
258,ULTIMATE_30,NQ,SELL,2024-10-31 13:05:00,16468.75,2024-10-31 14:21:00,16464.82,1,1572.53,0.48,16469.75,16464.75,ULTIMATE_30 SELL breakout - OR30min regime optimized,closed,4.0
409,ULTIMATE_BALANCED,NQ,BUY,2024-10-31 13:44:00,15734.25,2024-10-31 14:56:00,15738.69,1,1777.38,0.56,15732.75,15738.75,ULTIMATE_BALANCED BUY breakout - OR45min regime optimized,closed,3.0
103,ULTIMATE_20,NQ,BUY,2024-10-31 14:11:00,15500.5,2024-10-31 15:42:00,15499.13,1,-547.54,-0.18,15499.25,15503.62,ULTIMATE_20 BUY breakout - OR15min regime optimized,closed,2.5
411,ULTIMATE_BALANCED,NQ,BUY,2024-11-01 09:56:00,16395.5,2024-11-01 10:52:00,16400.26,1,1905.52,0.58,16394.0,16400.0,ULTIMATE_BALANCED BUY breakout - OR45min regime optimized,closed,3.0
107,ULTIMATE_20,NQ,SELL,2024-11-01 11:33:00,16736.0,2024-11-01 12:52:00,16733.11,1,1157.15,0.35,16737.25,16732.88,ULTIMATE_20 SELL breakout - OR15min regime optimized,closed,2.5
106,ULTIMATE_20,NQ,SELL,2024-11-01 13:10:00,15519.5,2024-11-01 14:59:00,15520.63,1,-450.33,-0.15,15520.75,15516.38,ULTIMATE_20 SELL breakout - OR15min regime optimized,closed,2.5
410,ULTIMATE_BALANCED,NQ,BUY,2024-11-01 14:16:00,16685.25,2024-11-01 16:13:00,16689.28,1,1610.29,0.48,16683.75,16689.75,ULTIMATE_BALANCED BUY breakout - OR45min regime optimized,closed,3.0
259,ULTIMATE_30,NQ,BUY,2024-11-01 14:30:00,16418.25,2024-11-01 15:29:00,16422.0,1,1500.2,0.46,16417.25,16422.25,ULTIMATE_30 BUY breakout - OR30min regime optimized,closed,4.0
413,ULTIMATE_BALANCED,NQ,BUY,2024-11-04 09:51:00,16297.5,2024-11-04 11:24:00,16301.59,1,1634.37,0.5,16296.0,16302.0,ULTIMATE_BALANCED BUY breakout - OR45min regime optimized,closed,3.0
260,ULTIMATE_30,NQ,BUY,2024-11-04 11:42:00,16364.0,2024-11-04 13:32:00,16367.67,1,1467.73,0.45,16363.0,16368.0,ULTIMATE_30 BUY breakout - OR30min regime optimized,closed,4.0
108,ULTIMATE_20,NQ,SELL,2024-11-04 13:28:00,16264.0,2024-11-04 14:38:00,16265.09,1,-434.79,-0.13,16265.25,16260.88,ULTIMATE_20 SELL breakout - OR15min regime optimized,closed,2.5
412,ULTIMATE_BALANCED,NQ,SELL,2024-11-04 14:20:00,16442.25,2024-11-04 15:19:00,16438.07,1,1672.58,0.51,16443.75,16437.75,ULTIMATE_BALANCED SELL breakout - OR45min regime optimized,closed,3.0
109,ULTIMATE_20,NQ,SELL,2024-11-05 10:46:00,15821.5,2024-11-05 11:18:00,15818.98,1,1007.47,0.32,15822.75,15818.38,ULTIMATE_20 SELL breakout - OR15min regime optimized,closed,2.5
261,ULTIMATE_30,NQ,BUY,2024-11-05 11:55:00,15960.25,2024-11-05 13:51:00,15963.94,1,1477.82,0.46,15959.25,15964.25,ULTIMATE_30 BUY breakout - OR30min regime optimized,closed,4.0
414,ULTIMATE_BALANCED,NQ,BUY,2024-11-05 13:57:00,16072.75,2024-11-05 14:42:00,16076.33,1,1433.59,0.45,16071.25,16077.25,ULTIMATE_BALANCED BUY breakout - OR45min regime optimized,closed,3.0
110,ULTIMATE_20,NQ,SELL,2024-11-06 09:45:00,16637.5,2024-11-06 11:17:00,16634.31,1,1277.51,0.38,16638.75,16634.38,ULTIMATE_20 SELL breakout - OR15min regime optimized,closed,2.5
111,ULTIMATE_20,NQ,SELL,2024-11-06 09:59:00,16078.0,2024-11-06 10:17:00,16074.42,1,1432.89,0.45,16079.25,16074.88,ULTIMATE_20 SELL breakout - OR15min regime optimized,closed,2.5
263,ULTIMATE_30,NQ,SELL,2024-11-06 10:54:00,15730.5,2024-11-06 11:27:00,15731.33,1,-333.11,-0.11,15731.5,15726.5,ULTIMATE_30 SELL breakout - OR30min regime optimized,closed,4.0
262,ULTIMATE_30,NQ,BUY,2024-11-06 13:20:00,16053.5,2024-11-06 13:37:00,16052.87,1,-252.87,-0.08,16052.5,16057.5,ULTIMATE_30 BUY breakout - OR30min regime optimized,closed,4.0
415,ULTIMATE_BALANCED,NQ,BUY,2024-11-06 14:13:00,15686.25,2024-11-06 15:49:00,15690.48,1,1691.21,0.54,15684.75,15690.75,ULTIMATE_BALANCED BUY breakout - OR45min regime optimized,closed,3.0
416,ULTIMATE_BALANCED,NQ,SELL,2024-11-07 09:50:00,15972.0,2024-11-07 10:17:00,15973.27,1,-507.5,-0.16,15973.5,15967.5,ULTIMATE_BALANCED SELL breakout - OR45min regime optimized,closed,3.0
112,ULTIMATE_20,NQ,BUY,2024-11-07 09:59:00,16437.75,2024-11-07 11:37:00,16436.59,1,-464.33,-0.14,16436.5,16440.88,ULTIMATE_20 BUY breakout - OR15min regime optimized,closed,2.5
264,ULTIMATE_30,NQ,SELL,2024-11-07 10:23:00,16657.25,2024-11-07 11:58:00,16658.31,1,-422.53,-0.13,16658.25,16653.25,ULTIMATE_30 SELL breakout - OR30min regime optimized,closed,4.0
417,ULTIMATE_BALANCED,NQ,SELL,2024-11-07 13:32:00,16762.0,2024-11-07 13:47:00,16763.3,1,-520.72,-0.16,16763.5,16757.5,ULTIMATE_BALANCED SELL breakout - OR45min regime optimized,closed,3.0
265,ULTIMATE_30,NQ,BUY,2024-11-07 14:20:00,16368.25,2024-11-07 16:07:00,16367.17,1,-430.99,-0.13,16367.25,16372.25,ULTIMATE_30 BUY breakout - OR30min regime optimized,closed,4.0
115,ULTIMATE_20,NQ,BUY,2024-11-08 10:38:00,15925.5,2024-11-08 11:56:00,15929.0,1,1398.95,0.44,15924.25,15928.62,ULTIMATE_20 BUY breakout - OR15min regime optimized,closed,2.5
114,ULTIMATE_20,NQ,BUY,2024-11-08 11:25:00,16615.75,2024-11-08 12:56:00,16618.35,1,1040.43,0.31,16614.5,16618.88,ULTIMATE_20 BUY breakout - OR15min regime optimized,closed,2.5
266,ULTIMATE_30,NQ,BUY,2024-11-08 12:24:00,16634.0,2024-11-08 13:15:00,16637.64,1,1455.78,0.44,16633.0,16638.0,ULTIMATE_30 BUY breakout - OR30min regime optimized,closed,4.0
113,ULTIMATE_20,NQ,SELL,2024-11-08 14:10:00,16794.0,2024-11-08 15:47:00,16795.18,1,-473.42,-0.14,16795.25,16790.88,ULTIMATE_20 SELL breakout - OR15min regime optimized,closed,2.5
418,ULTIMATE_BALANCED,NQ,SELL,2024-11-11 09:45:00,15656.75,2024-11-11 11:44:00,15652.12,1,1850.18,0.59,15658.25,15652.25,ULTIMATE_BALANCED SELL breakout - OR45min regime optimized,closed,3.0
419,ULTIMATE_BALANCED,NQ,BUY,2024-11-11 09:50:00,15909.5,2024-11-11 10:57:00,15914.34,1,1937.08,0.61,15908.0,15914.0,ULTIMATE_BALANCED BUY breakout - OR45min regime optimized,closed,3.0
267,ULTIMATE_30,NQ,BUY,2024-11-11 11:21:00,16163.5,2024-11-11 11:36:00,16167.31,1,1524.67,0.47,16162.5,16167.5,ULTIMATE_30 BUY breakout - OR30min regime optimized,closed,4.0
268,ULTIMATE_30,NQ,SELL,2024-11-11 12:20:00,16661.5,2024-11-11 13:23:00,16657.81,1,1474.52,0.44,16662.5,16657.5,ULTIMATE_30 SELL breakout - OR30min regime optimized,closed,4.0
420,ULTIMATE_BALANCED,NQ,SELL,2024-11-12 09:51:00,16450.5,2024-11-12 11:07:00,16446.44,1,1622.25,0.49,16452.0,16446.0,ULTIMATE_BALANCED SELL breakout - OR45min regime optimized,closed,3.0
269,ULTIMATE_30,NQ,BUY,2024-11-12 11:55:00,16119.5,2024-11-12 12:37:00,16123.38,1,1553.71,0.48,16118.5,16123.5,ULTIMATE_30 BUY breakout - OR30min regime optimized,closed,4.0
117,ULTIMATE_20,NQ,BUY,2024-11-12 13:59:00,16035.5,2024-11-12 14:47:00,16038.22,1,1086.54,0.34,16034.25,16038.62,ULTIMATE_20 BUY breakout - OR15min regime optimized,closed,2.5
116,ULTIMATE_20,NQ,BUY,2024-11-12 14:29:00,15702.0,2024-11-12 16:16:00,15705.59,1,1434.65,0.46,15700.75,15705.12,ULTIMATE_20 BUY breakout - OR15min regime optimized,closed,2.5
120,ULTIMATE_20,NQ,BUY,2024-11-13 09:47:00,16488.0,2024-11-13 10:25:00,16490.71,1,1085.21,0.33,16486.75,16491.12,ULTIMATE_20 BUY breakout - OR15min regime optimized,closed,2.5
421,ULTIMATE_BALANCED,NQ,BUY,2024-11-13 09:57:00,16225.25,2024-11-13 11:14:00,16229.12,1,1546.05,0.48,16223.75,16229.75,ULTIMATE_BALANCED BUY breakout - OR45min regime optimized,closed,3.0
118,ULTIMATE_20,NQ,BUY,2024-11-13 10:10:00,15889.0,2024-11-13 12:10:00,15887.71,1,-514.43,-0.16,15887.75,15892.12,ULTIMATE_20 BUY breakout - OR15min regime optimized,closed,2.5
270,ULTIMATE_30,NQ,SELL,2024-11-13 10:12:00,16399.75,2024-11-13 12:02:00,16396.17,1,1430.98,0.44,16400.75,16395.75,ULTIMATE_30 SELL breakout - OR30min regime optimized,closed,4.0
119,ULTIMATE_20,NQ,SELL,2024-11-13 11:08:00,15915.25,2024-11-13 12:38:00,15916.2,1,-381.93,-0.12,15916.5,15912.12,ULTIMATE_20 SELL breakout - OR15min regime optimized,closed,2.5
422,ULTIMATE_BALANCED,NQ,BUY,2024-11-14 09:45:00,15892.25,2024-11-14 11:37:00,15896.34,1,1634.09,0.51,15890.75,15896.75,ULTIMATE_BALANCED BUY breakout - OR45min regime optimized,closed,3.0
121,ULTIMATE_20,NQ,SELL,2024-11-14 10:57:00,16660.75,2024-11-14 12:20:00,16661.93,1,-470.32,-0.14,16662.0,16657.62,ULTIMATE_20 SELL breakout - OR15min regime optimized,closed,2.5
123,ULTIMATE_20,NQ,SELL,2024-11-14 11:27:00,15769.75,2024-11-14 12:28:00,15767.28,1,989.37,0.31,15771.0,15766.62,ULTIMATE_20 SELL breakout - OR15min regime optimized,closed,2.5
272,ULTIMATE_30,NQ,BUY,2024-11-14 12:00:00,16564.25,2024-11-14 13:01:00,16563.29,1,-382.87,-0.12,16563.25,16568.25,ULTIMATE_30 BUY breakout - OR30min regime optimized,closed,4.0
271,ULTIMATE_30,NQ,BUY,2024-11-14 14:01:00,16266.0,2024-11-14 15:39:00,16265.11,1,-357.65,-0.11,16265.0,16270.0,ULTIMATE_30 BUY breakout - OR30min regime optimized,closed,4.0
122,ULTIMATE_20,NQ,SELL,2024-11-14 14:20:00,15739.0,2024-11-14 14:50:00,15736.1,1,1160.64,0.37,15740.25,15735.88,ULTIMATE_20 SELL breakout - OR15min regime optimized,closed,2.5
424,ULTIMATE_BALANCED,NQ,BUY,2024-11-15 10:22:00,16382.25,2024-11-15 12:02:00,16381.01,1,-494.27,-0.15,16380.75,16386.75,ULTIMATE_BALANCED BUY breakout - OR45min regime optimized,closed,3.0
124,ULTIMATE_20,NQ,BUY,2024-11-15 12:16:00,15829.5,2024-11-15 13:53:00,15828.34,1,-463.83,-0.15,15828.25,15832.62,ULTIMATE_20 BUY breakout - OR15min regime optimized,closed,2.5
423,ULTIMATE_BALANCED,NQ,SELL,2024-11-15 12:35:00,15650.75,2024-11-15 12:48:00,15646.03,1,1886.69,0.6,15652.25,15646.25,ULTIMATE_BALANCED SELL breakout - OR45min regime optimized,closed,3.0
273,ULTIMATE_30,NQ,BUY,2024-11-15 14:07:00,16773.25,2024-11-15 15:17:00,16776.37,1,1247.05,0.37,16772.25,16777.25,ULTIMATE_30 BUY breakout - OR30min regime optimized,closed,4.0
125,ULTIMATE_20,NQ,SELL,2024-11-18 09:56:00,15950.0,2024-11-18 11:46:00,15951.29,1,-516.87,-0.16,15951.25,15946.88,ULTIMATE_20 SELL breakout - OR15min regime optimized,closed,2.5
425,ULTIMATE_BALANCED,NQ,SELL,2024-11-18 10:49:00,15863.25,2024-11-18 12:26:00,15859.37,1,1553.48,0.49,15864.75,15858.75,ULTIMATE_BALANCED SELL breakout - OR45min regime optimized,closed,3.0
426,ULTIMATE_BALANCED,NQ,SELL,2024-11-18 13:03:00,15808.0,2024-11-18 13:20:00,15804.03,1,1589.92,0.5,15809.5,15803.5,ULTIMATE_BALANCED SELL breakout - OR45min regime optimized,closed,3.0
275,ULTIMATE_30,NQ,SELL,2024-11-18 13:12:00,15514.25,2024-11-18 15:01:00,15509.88,1,1746.98,0.56,15515.25,15510.25,ULTIMATE_30 SELL breakout - OR30min regime optimized,closed,4.0
274,ULTIMATE_30,NQ,BUY,2024-11-18 13:52:00,16581.0,2024-11-18 15:50:00,16585.2,1,1680.24,0.51,16580.0,16585.0,ULTIMATE_30 BUY breakout - OR30min regime optimized,closed,4.0
126,ULTIMATE_20,NQ,SELL,2024-11-18 14:05:00,16507.25,2024-11-18 14:40:00,16503.78,1,1387.47,0.42,16508.5,16504.12,ULTIMATE_20 SELL breakout - OR15min regime optimized,closed,2.5
427,ULTIMATE_BALANCED,NQ,BUY,2024-11-19 09:55:00,16352.0,2024-11-19 11:22:00,16356.12,1,1649.53,0.5,16350.5,16356.5,ULTIMATE_BALANCED BUY breakout - OR45min regime optimized,closed,3.0
276,ULTIMATE_30,NQ,BUY,2024-11-19 10:12:00,15986.0,2024-11-19 11:31:00,15989.56,1,1423.51,0.45,15985.0,15990.0,ULTIMATE_30 BUY breakout - OR30min regime optimized,closed,4.0
428,ULTIMATE_BALANCED,NQ,SELL,2024-11-19 10:48:00,16026.25,2024-11-19 12:41:00,16021.68,1,1829.38,0.57,16027.75,16021.75,ULTIMATE_BALANCED SELL breakout - OR45min regime optimized,closed,3.0
127,ULTIMATE_20,NQ,SELL,2024-11-19 14:14:00,16701.5,2024-11-19 15:46:00,16698.44,1,1222.77,0.37,16702.75,16698.38,ULTIMATE_20 SELL breakout - OR15min regime optimized,closed,2.5
277,ULTIMATE_30,NQ,BUY,2024-11-19 14:20:00,16715.5,2024-11-19 15:07:00,16714.58,1,-368.08,-0.11,16714.5,16719.5,ULTIMATE_30 BUY breakout - OR30min regime optimized,closed,4.0
279,ULTIMATE_30,NQ,BUY,2024-11-20 10:37:00,16411.25,2024-11-20 11:19:00,16415.82,1,1827.4,0.56,16410.25,16415.25,ULTIMATE_30 BUY breakout - OR30min regime optimized,closed,4.0
430,ULTIMATE_BALANCED,NQ,BUY,2024-11-20 10:57:00,16085.5,2024-11-20 11:07:00,16084.3,1,-480.67,-0.15,16084.0,16090.0,ULTIMATE_BALANCED BUY breakout - OR45min regime optimized,closed,3.0
129,ULTIMATE_20,NQ,SELL,2024-11-20 12:39:00,16360.25,2024-11-20 13:38:00,16357.54,1,1082.09,0.33,16361.5,16357.12,ULTIMATE_20 SELL breakout - OR15min regime optimized,closed,2.5
278,ULTIMATE_30,NQ,BUY,2024-11-20 13:20:00,16738.75,2024-11-20 14:28:00,16737.97,1,-311.08,-0.09,16737.75,16742.75,ULTIMATE_30 BUY breakout - OR30min regime optimized,closed,4.0
429,ULTIMATE_BALANCED,NQ,SELL,2024-11-20 13:59:00,15736.75,2024-11-20 14:40:00,15731.94,1,1925.7,0.61,15738.25,15732.25,ULTIMATE_BALANCED SELL breakout - OR45min regime optimized,closed,3.0
130,ULTIMATE_20,NQ,SELL,2024-11-20 14:12:00,16131.5,2024-11-20 14:52:00,16128.56,1,1177.57,0.36,16132.75,16128.38,ULTIMATE_20 SELL breakout - OR15min regime optimized,closed,2.5
128,ULTIMATE_20,NQ,SELL,2024-11-20 14:18:00,15600.25,2024-11-20 15:23:00,15597.4,1,1140.12,0.37,15601.5,15597.12,ULTIMATE_20 SELL breakout - OR15min regime optimized,closed,2.5
431,ULTIMATE_BALANCED,NQ,SELL,2024-11-21 10:34:00,16289.0,2024-11-21 12:34:00,16285.12,1,1551.96,0.48,16290.5,16284.5,ULTIMATE_BALANCED SELL breakout - OR45min regime optimized,closed,3.0
281,ULTIMATE_30,NQ,SELL,2024-11-21 12:25:00,15642.0,2024-11-21 13:54:00,15643.07,1,-428.37,-0.14,15643.0,15638.0,ULTIMATE_30 SELL breakout - OR30min regime optimized,closed,4.0
131,ULTIMATE_20,NQ,BUY,2024-11-21 13:56:00,16312.0,2024-11-21 15:54:00,16314.98,1,1191.75,0.37,16310.75,16315.12,ULTIMATE_20 BUY breakout - OR15min regime optimized,closed,2.5
280,ULTIMATE_30,NQ,SELL,2024-11-21 14:21:00,16482.0,2024-11-21 15:54:00,16482.86,1,-342.47,-0.1,16483.0,16478.0,ULTIMATE_30 SELL breakout - OR30min regime optimized,closed,4.0
432,ULTIMATE_BALANCED,NQ,SELL,2024-11-21 14:21:00,16117.75,2024-11-21 14:45:00,16119.23,1,-591.56,-0.18,16119.25,16113.25,ULTIMATE_BALANCED SELL breakout - OR45min regime optimized,closed,3.0
283,ULTIMATE_30,NQ,SELL,2024-11-22 09:54:00,15924.25,2024-11-22 10:39:00,15920.7,1,1419.03,0.45,15925.25,15920.25,ULTIMATE_30 SELL breakout - OR30min regime optimized,closed,4.0
434,ULTIMATE_BALANCED,NQ,BUY,2024-11-22 09:58:00,16398.25,2024-11-22 10:59:00,16402.21,1,1584.48,0.48,16396.75,16402.75,ULTIMATE_BALANCED BUY breakout - OR45min regime optimized,closed,3.0
132,ULTIMATE_20,NQ,SELL,2024-11-22 10:47:00,16639.0,2024-11-22 11:41:00,16636.02,1,1192.09,0.36,16640.25,16635.88,ULTIMATE_20 SELL breakout - OR15min regime optimized,closed,2.5
282,ULTIMATE_30,NQ,BUY,2024-11-22 12:04:00,16046.0,2024-11-22 13:11:00,16050.89,1,1955.99,0.61,16045.0,16050.0,ULTIMATE_30 BUY breakout - OR30min regime optimized,closed,4.0
133,ULTIMATE_20,NQ,SELL,2024-11-22 12:52:00,16705.0,2024-11-22 14:41:00,16702.36,1,1055.98,0.32,16706.25,16701.88,ULTIMATE_20 SELL breakout - OR15min regime optimized,closed,2.5
433,ULTIMATE_BALANCED,NQ,SELL,2024-11-22 13:16:00,16552.25,2024-11-22 13:45:00,16548.62,1,1451.65,0.44,16553.75,16547.75,ULTIMATE_BALANCED SELL breakout - OR45min regime optimized,closed,3.0
285,ULTIMATE_30,NQ,BUY,2024-11-25 09:52:00,15909.75,2024-11-25 10:09:00,15914.04,1,1714.06,0.54,15908.75,15913.75,ULTIMATE_30 BUY breakout - OR30min regime optimized,closed,4.0
284,ULTIMATE_30,NQ,SELL,2024-11-25 09:56:00,16721.0,2024-11-25 11:56:00,16717.53,1,1389.57,0.42,16722.0,16717.0,ULTIMATE_30 SELL breakout - OR30min regime optimized,closed,4.0
135,ULTIMATE_20,NQ,SELL,2024-11-25 11:20:00,16708.0,2024-11-25 11:36:00,16709.48,1,-590.43,-0.18,16709.25,16704.88,ULTIMATE_20 SELL breakout - OR15min regime optimized,closed,2.5
134,ULTIMATE_20,NQ,BUY,2024-11-25 11:54:00,16595.75,2024-11-25 12:09:00,16598.86,1,1242.84,0.37,16594.5,16598.88,ULTIMATE_20 BUY breakout - OR15min regime optimized,closed,2.5
436,ULTIMATE_BALANCED,NQ,SELL,2024-11-25 13:03:00,16748.75,2024-11-25 14:36:00,16744.14,1,1842.98,0.55,16750.25,16744.25,ULTIMATE_BALANCED SELL breakout - OR45min regime optimized,closed,3.0
435,ULTIMATE_BALANCED,NQ,BUY,2024-11-25 13:06:00,16384.75,2024-11-25 13:52:00,16389.1,1,1739.0,0.53,16383.25,16389.25,ULTIMATE_BALANCED BUY breakout - OR45min regime optimized,closed,3.0
437,ULTIMATE_BALANCED,NQ,BUY,2024-11-26 10:08:00,16744.75,2024-11-26 10:15:00,16749.48,1,1892.71,0.57,16743.25,16749.25,ULTIMATE_BALANCED BUY breakout - OR45min regime optimized,closed,3.0
137,ULTIMATE_20,NQ,SELL,2024-11-26 10:57:00,16132.0,2024-11-26 12:54:00,16129.02,1,1190.03,0.37,16133.25,16128.88,ULTIMATE_20 SELL breakout - OR15min regime optimized,closed,2.5
286,ULTIMATE_30,NQ,BUY,2024-11-26 12:38:00,15869.5,2024-11-26 13:18:00,15868.81,1,-276.45,-0.09,15868.5,15873.5,ULTIMATE_30 BUY breakout - OR30min regime optimized,closed,4.0
438,ULTIMATE_BALANCED,NQ,SELL,2024-11-26 12:49:00,15802.25,2024-11-26 13:55:00,15797.86,1,1755.4,0.56,15803.75,15797.75,ULTIMATE_BALANCED SELL breakout - OR45min regime optimized,closed,3.0
287,ULTIMATE_30,NQ,SELL,2024-11-26 13:00:00,16573.25,2024-11-26 14:24:00,16574.02,1,-308.64,-0.09,16574.25,16569.25,ULTIMATE_30 SELL breakout - OR30min regime optimized,closed,4.0
136,ULTIMATE_20,NQ,BUY,2024-11-26 13:39:00,16314.5,2024-11-26 15:31:00,16317.59,1,1236.29,0.38,16313.25,16317.62,ULTIMATE_20 BUY breakout - OR15min regime optimized,closed,2.5
140,ULTIMATE_20,NQ,BUY,2024-11-27 09:48:00,16710.75,2024-11-27 11:40:00,16709.67,1,-430.73,-0.13,16709.5,16713.88,ULTIMATE_20 BUY breakout - OR15min regime optimized,closed,2.5
289,ULTIMATE_30,NQ,SELL,2024-11-27 10:03:00,15709.25,2024-11-27 10:17:00,15705.44,1,1523.31,0.48,15710.25,15705.25,ULTIMATE_30 SELL breakout - OR30min regime optimized,closed,4.0
138,ULTIMATE_20,NQ,BUY,2024-11-27 10:42:00,16155.0,2024-11-27 12:04:00,16154.0,1,-398.24,-0.12,16153.75,16158.12,ULTIMATE_20 BUY breakout - OR15min regime optimized,closed,2.5
139,ULTIMATE_20,NQ,SELL,2024-11-27 11:32:00,16176.25,2024-11-27 12:06:00,16177.22,1,-387.81,-0.12,16177.5,16173.12,ULTIMATE_20 SELL breakout - OR15min regime optimized,closed,2.5
288,ULTIMATE_30,NQ,BUY,2024-11-27 13:43:00,15686.25,2024-11-27 13:53:00,15689.81,1,1422.47,0.45,15685.25,15690.25,ULTIMATE_30 BUY breakout - OR30min regime optimized,closed,4.0
440,ULTIMATE_BALANCED,NQ,BUY,2024-11-27 13:44:00,16700.0,2024-11-27 15:09:00,16704.35,1,1741.82,0.52,16698.5,16704.5,ULTIMATE_BALANCED BUY breakout - OR45min regime optimized,closed,3.0
439,ULTIMATE_BALANCED,NQ,SELL,2024-11-27 14:12:00,16398.25,2024-11-27 15:30:00,16393.88,1,1749.62,0.53,16399.75,16393.75,ULTIMATE_BALANCED SELL breakout - OR45min regime optimized,closed,3.0
290,ULTIMATE_30,NQ,SELL,2024-11-28 11:41:00,16305.0,2024-11-28 12:20:00,16300.88,1,1646.28,0.5,16306.0,16301.0,ULTIMATE_30 SELL breakout - OR30min regime optimized,closed,4.0
442,ULTIMATE_BALANCED,NQ,SELL,2024-11-28 11:41:00,16102.25,2024-11-28 13:07:00,16098.44,1,1524.88,0.47,16103.75,16097.75,ULTIMATE_BALANCED SELL breakout - OR45min regime optimized,closed,3.0
441,ULTIMATE_BALANCED,NQ,BUY,2024-11-28 12:04:00,15791.0,2024-11-28 13:50:00,15795.19,1,1677.59,0.53,15789.5,15795.5,ULTIMATE_BALANCED BUY breakout - OR45min regime optimized,closed,3.0
141,ULTIMATE_20,NQ,BUY,2024-11-28 14:01:00,16025.5,2024-11-28 14:39:00,16028.08,1,1030.75,0.32,16024.25,16028.62,ULTIMATE_20 BUY breakout - OR15min regime optimized,closed,2.5
142,ULTIMATE_20,NQ,BUY,2024-11-29 09:50:00,16610.0,2024-11-29 10:57:00,16608.99,1,-402.95,-0.12,16608.75,16613.12,ULTIMATE_20 BUY breakout - OR15min regime optimized,closed,2.5
291,ULTIMATE_30,NQ,SELL,2024-11-29 10:02:00,15857.75,2024-11-29 10:53:00,15853.58,1,1668.09,0.53,15858.75,15853.75,ULTIMATE_30 SELL breakout - OR30min regime optimized,closed,4.0
292,ULTIMATE_30,NQ,SELL,2024-11-29 12:01:00,15534.5,2024-11-29 13:32:00,15531.56,1,1176.27,0.38,15535.5,15530.5,ULTIMATE_30 SELL breakout - OR30min regime optimized,closed,4.0
443,ULTIMATE_BALANCED,NQ,BUY,2024-11-29 12:05:00,16386.5,2024-11-29 13:09:00,16390.92,1,1768.79,0.54,16385.0,16391.0,ULTIMATE_BALANCED BUY breakout - OR45min regime optimized,closed,3.0
444,ULTIMATE_BALANCED,NQ,BUY,2024-11-29 12:10:00,16593.0,2024-11-29 14:03:00,16597.23,1,1690.87,0.51,16591.5,16597.5,ULTIMATE_BALANCED BUY breakout - OR45min regime optimized,closed,3.0
143,ULTIMATE_20,NQ,SELL,2024-11-29 14:19:00,15909.25,2024-11-29 16:02:00,15906.44,1,1125.8,0.35,15910.5,15906.12,ULTIMATE_20 SELL breakout - OR15min regime optimized,closed,2.5
293,ULTIMATE_30,NQ,BUY,2024-12-02 09:49:00,15561.75,2024-12-02 11:07:00,15565.54,1,1517.86,0.49,15560.75,15565.75,ULTIMATE_30 BUY breakout - OR30min regime optimized,closed,4.0
294,ULTIMATE_30,NQ,SELL,2024-12-02 09:51:00,16748.25,2024-12-02 11:44:00,16743.54,1,1885.35,0.56,16749.25,16744.25,ULTIMATE_30 SELL breakout - OR30min regime optimized,closed,4.0
144,ULTIMATE_20,NQ,SELL,2024-12-02 10:34:00,15807.75,2024-12-02 12:28:00,15808.83,1,-430.54,-0.14,15809.0,15804.62,ULTIMATE_20 SELL breakout - OR15min regime optimized,closed,2.5
446,ULTIMATE_BALANCED,NQ,SELL,2024-12-02 11:22:00,16216.25,2024-12-02 11:51:00,16211.92,1,1733.42,0.53,16217.75,16211.75,ULTIMATE_BALANCED SELL breakout - OR45min regime optimized,closed,3.0
445,ULTIMATE_BALANCED,NQ,BUY,2024-12-02 11:32:00,15719.75,2024-12-02 12:50:00,15723.74,1,1595.37,0.51,15718.25,15724.25,ULTIMATE_BALANCED BUY breakout - OR45min regime optimized,closed,3.0
146,ULTIMATE_20,NQ,SELL,2024-12-03 09:56:00,15813.75,2024-12-03 10:56:00,15815.2,1,-578.11,-0.18,15815.0,15810.62,ULTIMATE_20 SELL breakout - OR15min regime optimized,closed,2.5
147,ULTIMATE_20,NQ,SELL,2024-12-03 10:32:00,15719.75,2024-12-03 12:28:00,15717.02,1,1090.73,0.35,15721.0,15716.62,ULTIMATE_20 SELL breakout - OR15min regime optimized,closed,2.5
447,ULTIMATE_BALANCED,NQ,BUY,2024-12-03 10:42:00,16426.0,2024-12-03 10:49:00,16429.96,1,1585.22,0.48,16424.5,16430.5,ULTIMATE_BALANCED BUY breakout - OR45min regime optimized,closed,3.0
296,ULTIMATE_30,NQ,SELL,2024-12-03 12:57:00,15772.75,2024-12-03 13:27:00,15768.89,1,1545.76,0.49,15773.75,15768.75,ULTIMATE_30 SELL breakout - OR30min regime optimized,closed,4.0
295,ULTIMATE_30,NQ,BUY,2024-12-03 13:14:00,16639.5,2024-12-03 14:11:00,16638.61,1,-354.48,-0.11,16638.5,16643.5,ULTIMATE_30 BUY breakout - OR30min regime optimized,closed,4.0
145,ULTIMATE_20,NQ,BUY,2024-12-03 13:22:00,15527.5,2024-12-03 14:03:00,15530.87,1,1347.02,0.43,15526.25,15530.62,ULTIMATE_20 BUY breakout - OR15min regime optimized,closed,2.5
297,ULTIMATE_30,NQ,BUY,2024-12-04 09:45:00,15824.25,2024-12-04 10:53:00,15828.18,1,1570.72,0.5,15823.25,15828.25,ULTIMATE_30 BUY breakout - OR30min regime optimized,closed,4.0
149,ULTIMATE_20,NQ,BUY,2024-12-04 09:53:00,16239.0,2024-12-04 10:24:00,16237.95,1,-418.61,-0.13,16237.75,16242.12,ULTIMATE_20 BUY breakout - OR15min regime optimized,closed,2.5
448,ULTIMATE_BALANCED,NQ,SELL,2024-12-04 10:46:00,16599.25,2024-12-04 11:05:00,16600.51,1,-502.31,-0.15,16600.75,16594.75,ULTIMATE_BALANCED SELL breakout - OR45min regime optimized,closed,3.0
298,ULTIMATE_30,NQ,BUY,2024-12-04 11:02:00,16177.5,2024-12-04 11:08:00,16176.53,1,-387.06,-0.12,16176.5,16181.5,ULTIMATE_30 BUY breakout - OR30min regime optimized,closed,4.0
148,ULTIMATE_20,NQ,SELL,2024-12-04 11:25:00,15852.5,2024-12-04 12:40:00,15848.97,1,1411.55,0.45,15853.75,15849.38,ULTIMATE_20 SELL breakout - OR15min regime optimized,closed,2.5
150,ULTIMATE_20,NQ,SELL,2024-12-04 13:46:00,15682.0,2024-12-04 15:17:00,15678.73,1,1307.93,0.42,15683.25,15678.88,ULTIMATE_20 SELL breakout - OR15min regime optimized,closed,2.5
449,ULTIMATE_BALANCED,NQ,SELL,2024-12-05 10:49:00,15669.0,2024-12-05 11:15:00,15664.95,1,1618.25,0.52,15670.5,15664.5,ULTIMATE_BALANCED SELL breakout - OR45min regime optimized,closed,3.0
300,ULTIMATE_30,NQ,SELL,2024-12-05 11:12:00,16513.5,2024-12-05 11:46:00,16509.82,1,1471.88,0.45,16514.5,16509.5,ULTIMATE_30 SELL breakout - OR30min regime optimized,closed,4.0
151,ULTIMATE_20,NQ,BUY,2024-12-05 13:29:00,15765.5,2024-12-05 14:27:00,15768.76,1,1305.73,0.41,15764.25,15768.62,ULTIMATE_20 BUY breakout - OR15min regime optimized,closed,2.5
299,ULTIMATE_30,NQ,BUY,2024-12-05 13:34:00,16421.25,2024-12-05 15:26:00,16425.12,1,1549.03,0.47,16420.25,16425.25,ULTIMATE_30 BUY breakout - OR30min regime optimized,closed,4.0
301,ULTIMATE_30,NQ,SELL,2024-12-06 10:20:00,16637.25,2024-12-06 12:09:00,16638.09,1,-334.28,-0.1,16638.25,16633.25,ULTIMATE_30 SELL breakout - OR30min regime optimized,closed,4.0
153,ULTIMATE_20,NQ,BUY,2024-12-06 10:56:00,16664.75,2024-12-06 11:13:00,16666.9,1,858.47,0.26,16663.5,16667.88,ULTIMATE_20 BUY breakout - OR15min regime optimized,closed,2.5
152,ULTIMATE_20,NQ,SELL,2024-12-06 12:00:00,16182.25,2024-12-06 12:08:00,16183.49,1,-494.04,-0.15,16183.5,16179.12,ULTIMATE_20 SELL breakout - OR15min regime optimized,closed,2.5
154,ULTIMATE_20,NQ,BUY,2024-12-06 13:14:00,15996.5,2024-12-06 15:01:00,15995.44,1,-423.35,-0.13,15995.25,15999.62,ULTIMATE_20 BUY breakout - OR15min regime optimized,closed,2.5
451,ULTIMATE_BALANCED,NQ,BUY,2024-12-09 09:49:00,16619.75,2024-12-09 11:37:00,16623.69,1,1577.28,0.47,16618.25,16624.25,ULTIMATE_BALANCED BUY breakout - OR45min regime optimized,closed,3.0
156,ULTIMATE_20,NQ,SELL,2024-12-09 10:09:00,16791.0,2024-12-09 10:45:00,16788.67,1,931.51,0.28,16792.25,16787.88,ULTIMATE_20 SELL breakout - OR15min regime optimized,closed,2.5
450,ULTIMATE_BALANCED,NQ,BUY,2024-12-09 12:07:00,15603.75,2024-12-09 12:58:00,15602.4,1,-540.17,-0.17,15602.25,15608.25,ULTIMATE_BALANCED BUY breakout - OR45min regime optimized,closed,3.0
155,ULTIMATE_20,NQ,BUY,2024-12-09 12:30:00,16000.25,2024-12-09 14:22:00,15998.89,1,-542.34,-0.17,15999.0,16003.38,ULTIMATE_20 BUY breakout - OR15min regime optimized,closed,2.5
303,ULTIMATE_30,NQ,SELL,2024-12-09 13:25:00,16462.0,2024-12-09 14:32:00,16458.23,1,1509.99,0.46,16463.0,16458.0,ULTIMATE_30 SELL breakout - OR30min regime optimized,closed,4.0
302,ULTIMATE_30,NQ,SELL,2024-12-09 13:26:00,15538.5,2024-12-09 14:53:00,15534.86,1,1454.83,0.47,15539.5,15534.5,ULTIMATE_30 SELL breakout - OR30min regime optimized,closed,4.0
157,ULTIMATE_20,NQ,BUY,2024-12-10 09:51:00,16039.5,2024-12-10 10:00:00,16038.44,1,-422.74,-0.13,16038.25,16042.62,ULTIMATE_20 BUY breakout - OR15min regime optimized,closed,2.5
452,ULTIMATE_BALANCED,NQ,SELL,2024-12-10 09:55:00,15832.5,2024-12-10 10:53:00,15828.17,1,1731.78,0.55,15834.0,15828.0,ULTIMATE_BALANCED SELL breakout - OR45min regime optimized,closed,3.0
304,ULTIMATE_30,NQ,BUY,2024-12-10 10:13:00,16431.5,2024-12-10 10:48:00,16434.89,1,1354.16,0.41,16430.5,16435.5,ULTIMATE_30 BUY breakout - OR30min regime optimized,closed,4.0
305,ULTIMATE_30,NQ,SELL,2024-12-10 11:33:00,15721.0,2024-12-10 12:53:00,15716.87,1,1652.81,0.53,15722.0,15717.0,ULTIMATE_30 SELL breakout - OR30min regime optimized,closed,4.0
159,ULTIMATE_20,NQ,SELL,2024-12-10 11:37:00,15950.75,2024-12-10 13:12:00,15947.91,1,1136.43,0.36,15952.0,15947.62,ULTIMATE_20 SELL breakout - OR15min regime optimized,closed,2.5
158,ULTIMATE_20,NQ,BUY,2024-12-10 13:02:00,15929.5,2024-12-10 14:44:00,15932.59,1,1235.82,0.39,15928.25,15932.62,ULTIMATE_20 BUY breakout - OR15min regime optimized,closed,2.5
453,ULTIMATE_BALANCED,NQ,BUY,2024-12-11 09:57:00,15816.5,2024-12-11 11:45:00,15820.95,1,1780.92,0.56,15815.0,15821.0,ULTIMATE_BALANCED BUY breakout - OR45min regime optimized,closed,3.0
306,ULTIMATE_30,NQ,SELL,2024-12-11 10:12:00,16225.75,2024-12-11 11:45:00,16221.69,1,1625.14,0.5,16226.75,16221.75,ULTIMATE_30 SELL breakout - OR30min regime optimized,closed,4.0
454,ULTIMATE_BALANCED,NQ,BUY,2024-12-11 10:28:00,15535.5,2024-12-11 12:03:00,15540.01,1,1805.57,0.58,15534.0,15540.0,ULTIMATE_BALANCED BUY breakout - OR45min regime optimized,closed,3.0
307,ULTIMATE_30,NQ,BUY,2024-12-12 10:37:00,16056.75,2024-12-12 12:32:00,16060.95,1,1678.52,0.52,16055.75,16060.75,ULTIMATE_30 BUY breakout - OR30min regime optimized,closed,4.0
455,ULTIMATE_BALANCED,NQ,SELL,2024-12-12 14:18:00,16194.75,2024-12-12 14:44:00,16196.23,1,-592.2,-0.18,16196.25,16190.25,ULTIMATE_BALANCED SELL breakout - OR45min regime optimized,closed,3.0
160,ULTIMATE_20,NQ,BUY,2024-12-12 14:19:00,15508.75,2024-12-12 14:48:00,15511.21,1,984.36,0.32,15507.5,15511.88,ULTIMATE_20 BUY breakout - OR15min regime optimized,closed,2.5
161,ULTIMATE_20,NQ,SELL,2024-12-13 11:51:00,16155.5,2024-12-13 12:10:00,16152.0,1,1401.16,0.43,16156.75,16152.38,ULTIMATE_20 SELL breakout - OR15min regime optimized,closed,2.5
308,ULTIMATE_30,NQ,SELL,2024-12-13 13:12:00,16222.0,2024-12-13 13:54:00,16217.89,1,1642.3,0.51,16223.0,16218.0,ULTIMATE_30 SELL breakout - OR30min regime optimized,closed,4.0
309,ULTIMATE_30,NQ,BUY,2024-12-13 13:50:00,15979.25,2024-12-13 15:22:00,15983.08,1,1533.76,0.48,15978.25,15983.25,ULTIMATE_30 BUY breakout - OR30min regime optimized,closed,4.0
310,ULTIMATE_30,NQ,BUY,2024-12-16 10:02:00,16186.75,2024-12-16 10:29:00,16190.58,1,1531.57,0.47,16185.75,16190.75,ULTIMATE_30 BUY breakout - OR30min regime optimized,closed,4.0
162,ULTIMATE_20,NQ,BUY,2024-12-16 10:18:00,16661.5,2024-12-16 12:15:00,16664.21,1,1082.57,0.32,16660.25,16664.62,ULTIMATE_20 BUY breakout - OR15min regime optimized,closed,2.5
311,ULTIMATE_30,NQ,BUY,2024-12-16 11:00:00,15946.25,2024-12-16 12:50:00,15949.79,1,1415.36,0.44,15945.25,15950.25,ULTIMATE_30 BUY breakout - OR30min regime optimized,closed,4.0
163,ULTIMATE_20,NQ,BUY,2024-12-17 09:48:00,16050.75,2024-12-17 11:09:00,16053.83,1,1233.41,0.38,16049.5,16053.88,ULTIMATE_20 BUY breakout - OR15min regime optimized,closed,2.5
312,ULTIMATE_30,NQ,BUY,2024-12-17 13:33:00,15631.25,2024-12-17 13:55:00,15635.41,1,1663.76,0.53,15630.25,15635.25,ULTIMATE_30 BUY breakout - OR30min regime optimized,closed,4.0
164,ULTIMATE_20,NQ,BUY,2024-12-18 09:46:00,15828.25,2024-12-18 10:07:00,15832.15,1,1558.92,0.49,15827.0,15831.38,ULTIMATE_20 BUY breakout - OR15min regime optimized,closed,2.5
165,ULTIMATE_20,NQ,BUY,2024-12-18 10:02:00,16423.5,2024-12-18 11:06:00,16422.46,1,-414.57,-0.13,16422.25,16426.62,ULTIMATE_20 BUY breakout - OR15min regime optimized,closed,2.5
314,ULTIMATE_30,NQ,BUY,2024-12-18 12:39:00,16549.5,2024-12-18 14:06:00,16553.35,1,1541.75,0.47,16548.5,16553.5,ULTIMATE_30 BUY breakout - OR30min regime optimized,closed,4.0
313,ULTIMATE_30,NQ,SELL,2024-12-18 13:55:00,16633.0,2024-12-18 14:50:00,16633.6,1,-240.0,-0.07,16634.0,16629.0,ULTIMATE_30 SELL breakout - OR30min regime optimized,closed,4.0
456,ULTIMATE_BALANCED,NQ,SELL,2024-12-19 10:42:00,16324.5,2024-12-19 11:31:00,16326.01,1,-604.42,-0.19,16326.0,16320.0,ULTIMATE_BALANCED SELL breakout - OR45min regime optimized,closed,3.0
167,ULTIMATE_20,NQ,SELL,2024-12-19 11:34:00,16473.0,2024-12-19 13:08:00,16469.42,1,1432.79,0.43,16474.25,16469.88,ULTIMATE_20 SELL breakout - OR15min regime optimized,closed,2.5
457,ULTIMATE_BALANCED,NQ,SELL,2024-12-19 12:29:00,16510.0,2024-12-19 13:49:00,16506.37,1,1452.7,0.44,16511.5,16505.5,ULTIMATE_BALANCED SELL breakout - OR45min regime optimized,closed,3.0
168,ULTIMATE_20,NQ,BUY,2024-12-19 14:17:00,16358.5,2024-12-19 15:55:00,16357.3,1,-479.34,-0.15,16357.25,16361.62,ULTIMATE_20 BUY breakout - OR15min regime optimized,closed,2.5
166,ULTIMATE_20,NQ,SELL,2024-12-19 14:28:00,15579.25,2024-12-19 14:39:00,15580.57,1,-526.19,-0.17,15580.5,15576.12,ULTIMATE_20 SELL breakout - OR15min regime optimized,closed,2.5
169,ULTIMATE_20,NQ,SELL,2024-12-20 11:33:00,16463.75,2024-12-20 13:15:00,16464.85,1,-439.4,-0.13,16465.0,16460.62,ULTIMATE_20 SELL breakout - OR15min regime optimized,closed,2.5
458,ULTIMATE_BALANCED,NQ,SELL,2024-12-20 12:17:00,16090.5,2024-12-20 12:24:00,16085.83,1,1866.17,0.58,16092.0,16086.0,ULTIMATE_BALANCED SELL breakout - OR45min regime optimized,closed,3.0
316,ULTIMATE_30,NQ,BUY,2024-12-20 12:45:00,15692.0,2024-12-20 13:40:00,15695.65,1,1459.52,0.47,15691.0,15696.0,ULTIMATE_30 BUY breakout - OR30min regime optimized,closed,4.0
459,ULTIMATE_BALANCED,NQ,BUY,2024-12-20 14:09:00,15801.0,2024-12-20 15:36:00,15799.55,1,-579.95,-0.18,15799.5,15805.5,ULTIMATE_BALANCED BUY breakout - OR45min regime optimized,closed,3.0
315,ULTIMATE_30,NQ,SELL,2024-12-20 14:21:00,16676.75,2024-12-20 15:43:00,16677.83,1,-430.24,-0.13,16677.75,16672.75,ULTIMATE_30 SELL breakout - OR30min regime optimized,closed,4.0
317,ULTIMATE_30,NQ,SELL,2024-12-23 09:54:00,15771.25,2024-12-23 10:56:00,15768.08,1,1266.84,0.4,15772.25,15767.25,ULTIMATE_30 SELL breakout - OR30min regime optimized,closed,4.0
461,ULTIMATE_BALANCED,NQ,BUY,2024-12-23 11:50:00,16035.5,2024-12-23 12:27:00,16039.84,1,1736.32,0.54,16034.0,16040.0,ULTIMATE_BALANCED BUY breakout - OR45min regime optimized,closed,3.0
318,ULTIMATE_30,NQ,SELL,2024-12-23 13:51:00,15825.75,2024-12-23 13:58:00,15826.94,1,-474.04,-0.15,15826.75,15821.75,ULTIMATE_30 SELL breakout - OR30min regime optimized,closed,4.0
460,ULTIMATE_BALANCED,NQ,SELL,2024-12-23 14:02:00,15659.5,2024-12-23 14:29:00,15660.89,1,-554.56,-0.18,15661.0,15655.0,ULTIMATE_BALANCED SELL breakout - OR45min regime optimized,closed,3.0
170,ULTIMATE_20,NQ,BUY,2024-12-23 14:14:00,16121.75,2024-12-23 15:13:00,16124.39,1,1056.78,0.33,16120.5,16124.88,ULTIMATE_20 BUY breakout - OR15min regime optimized,closed,2.5
319,ULTIMATE_30,NQ,BUY,2024-12-24 09:49:00,16611.0,2024-12-24 10:21:00,16614.83,1,1530.82,0.46,16610.0,16615.0,ULTIMATE_30 BUY breakout - OR30min regime optimized,closed,4.0
320,ULTIMATE_30,NQ,BUY,2024-12-24 09:58:00,15773.5,2024-12-24 11:06:00,15772.45,1,-419.82,-0.13,15772.5,15777.5,ULTIMATE_30 BUY breakout - OR30min regime optimized,closed,4.0
171,ULTIMATE_20,NQ,SELL,2024-12-24 12:01:00,15636.75,2024-12-24 13:48:00,15633.78,1,1189.12,0.38,15638.0,15633.62,ULTIMATE_20 SELL breakout - OR15min regime optimized,closed,2.5
462,ULTIMATE_BALANCED,NQ,BUY,2024-12-24 12:26:00,16412.0,2024-12-24 14:22:00,16416.0,1,1600.67,0.49,16410.5,16416.5,ULTIMATE_BALANCED BUY breakout - OR45min regime optimized,closed,3.0
464,ULTIMATE_BALANCED,NQ,SELL,2024-12-25 10:23:00,16762.75,2024-12-25 11:18:00,16758.5,1,1699.31,0.51,16764.25,16758.25,ULTIMATE_BALANCED SELL breakout - OR45min regime optimized,closed,3.0
463,ULTIMATE_BALANCED,NQ,SELL,2024-12-25 11:01:00,16313.0,2024-12-25 11:37:00,16314.5,1,-600.31,-0.18,16314.5,16308.5,ULTIMATE_BALANCED SELL breakout - OR45min regime optimized,closed,3.0
172,ULTIMATE_20,NQ,SELL,2024-12-25 11:14:00,16298.25,2024-12-25 13:11:00,16296.23,1,808.75,0.25,16299.5,16295.12,ULTIMATE_20 SELL breakout - OR15min regime optimized,closed,2.5
321,ULTIMATE_30,NQ,SELL,2024-12-25 11:17:00,16521.25,2024-12-25 12:42:00,16522.26,1,-403.93,-0.12,16522.25,16517.25,ULTIMATE_30 SELL breakout - OR30min regime optimized,closed,4.0
173,ULTIMATE_20,NQ,BUY,2024-12-25 13:23:00,16750.5,2024-12-25 14:06:00,16749.59,1,-363.03,-0.11,16749.25,16753.62,ULTIMATE_20 BUY breakout - OR15min regime optimized,closed,2.5
465,ULTIMATE_BALANCED,NQ,BUY,2024-12-26 10:49:00,16189.25,2024-12-26 11:12:00,16192.88,1,1450.33,0.45,16187.75,16193.75,ULTIMATE_BALANCED BUY breakout - OR45min regime optimized,closed,3.0
174,ULTIMATE_20,NQ,SELL,2024-12-26 13:28:00,16179.75,2024-12-26 14:27:00,16176.69,1,1225.05,0.38,16181.0,16176.62,ULTIMATE_20 SELL breakout - OR15min regime optimized,closed,2.5
323,ULTIMATE_30,NQ,SELL,2024-12-26 13:51:00,15833.0,2024-12-26 15:15:00,15834.11,1,-445.4,-0.14,15834.0,15829.0,ULTIMATE_30 SELL breakout - OR30min regime optimized,closed,4.0
322,ULTIMATE_30,NQ,SELL,2024-12-26 14:24:00,16569.25,2024-12-26 15:28:00,16570.24,1,-394.76,-0.12,16570.25,16565.25,ULTIMATE_30 SELL breakout - OR30min regime optimized,closed,4.0
324,ULTIMATE_30,NQ,BUY,2024-12-27 09:51:00,15890.75,2024-12-27 10:59:00,15894.6,1,1541.28,0.48,15889.75,15894.75,ULTIMATE_30 BUY breakout - OR30min regime optimized,closed,4.0
175,ULTIMATE_20,NQ,SELL,2024-12-27 10:20:00,15514.75,2024-12-27 12:02:00,15512.22,1,1013.18,0.33,15516.0,15511.62,ULTIMATE_20 SELL breakout - OR15min regime optimized,closed,2.5
176,ULTIMATE_20,NQ,BUY,2024-12-27 12:03:00,16446.25,2024-12-27 13:48:00,16445.13,1,-449.73,-0.14,16445.0,16449.38,ULTIMATE_20 BUY breakout - OR15min regime optimized,closed,2.5
177,ULTIMATE_20,NQ,SELL,2024-12-27 13:28:00,16303.75,2024-12-27 13:49:00,16301.47,1,911.79,0.28,16305.0,16300.62,ULTIMATE_20 SELL breakout - OR15min regime optimized,closed,2.5
466,ULTIMATE_BALANCED,NQ,SELL,2024-12-27 14:06:00,15831.25,2024-12-27 14:29:00,15826.73,1,1807.69,0.57,15832.75,15826.75,ULTIMATE_BALANCED SELL breakout - OR45min regime optimized,closed,3.0
325,ULTIMATE_30,NQ,SELL,2024-12-30 12:11:00,16750.5,2024-12-30 13:25:00,16747.24,1,1302.11,0.39,16751.5,16746.5,ULTIMATE_30 SELL breakout - OR30min regime optimized,closed,4.0
179,ULTIMATE_20,NQ,SELL,2024-12-31 10:16:00,16473.0,2024-12-31 10:21:00,16469.96,1,1214.64,0.37,16474.25,16469.88,ULTIMATE_20 SELL breakout - OR15min regime optimized,closed,2.5
178,ULTIMATE_20,NQ,SELL,2024-12-31 10:19:00,16661.0,2024-12-31 11:41:00,16658.14,1,1142.57,0.34,16662.25,16657.88,ULTIMATE_20 SELL breakout - OR15min regime optimized,closed,2.5
468,ULTIMATE_BALANCED,NQ,SELL,2024-12-31 10:51:00,16227.25,2024-12-31 11:47:00,16222.86,1,1757.4,0.54,16228.75,16222.75,ULTIMATE_BALANCED SELL breakout - OR45min regime optimized,closed,3.0
467,ULTIMATE_BALANCED,NQ,BUY,2024-12-31 12:30:00,16780.0,2024-12-31 14:10:00,16778.64,1,-544.45,-0.16,16778.5,16784.5,ULTIMATE_BALANCED BUY breakout - OR45min regime optimized,closed,3.0
